{
  "type": "FeatureCollection",
  "features": [
    {
      "type": "Feature",
      "id": "ANDOYA_Fareomr_de_Studentrakett_And_ya_Space",
      "geometry": null,
      "properties": {
        "dtg": "2026-08-03T12:27:00",
        "raw_dtg": "031227Z AUG 26",
        "msg_id": "ANDOYA_Fareomr_de_Studentrakett_And_ya_Space",
        "year": 2026,
        "cancellations": [],
        "hazard_type": "general",
        "category": "other",
        "title": "General Warning",
        "geometry_kind": "point",
        "radius_nm": null,
        "body": "Name: Danger Area ESC Andøya Space Description: The danger area is active on July 30th with launch window 1245-1600 local time. Backup day is July 31st with launch window 0845-1600 local time. The danger area is indicated as yellow prior to activation. The danger area is indicated red when it is less than 2-3 hours until it activates, and the launch window opens. The danger area is deactivated and goes back to yellow as soon as the activity is finished. Should there be a need for transit or use of the area, this can be coordinated with Andøya Space. Contact us on Phone 76 14 44 28, maritime channel 16 / 14 with call sign \"Andøya Space\". The operations center is staffed 1 hour before the launch window opens.  In advance of the launch, inquiries can be sent to mso@andoyaspace.no",
        "cancel_date": null,
        "valid_from": "2026-08-03T12:27:00+00:00",
        "valid_until": null,
        "corrections": [],
        "summary": null
      }
    },
    {
      "type": "Feature",
      "id": "ESTONIAN NAV WARN 111/26",
      "geometry": {
        "type": "Point",
        "coordinates": [
          21.76,
          58.02333333333333
        ]
      },
      "properties": {
        "dtg": "2026-07-17T12:56:00",
        "raw_dtg": "171256Z JUL 26",
        "msg_id": "ESTONIAN NAV WARN 111/26",
        "year": 2026,
        "cancellations": [],
        "hazard_type": "general",
        "category": "other",
        "title": "General Warning",
        "geometry_kind": "point",
        "radius_nm": null,
        "body": "[Central Baltic] ESTONIAN NAV WARN 111/26\nESTONIAN NAV WARN 111/2026\nNORTHERN BALTIC SEA\nFOR RESEARCH PURPOSES\nINSTALLED 4 YELLOW SPECIAL-PURPOSE\nLIGHT BUOYS FLY2S 3,5M\nSW OF SAAREMAA ISLAND\nBETWEEN POSITIONS:\n58-01.4N 021-45.6E\n57-59.9N 021-47.9E\nNAVIGATE WITH CAUTION",
        "cancel_date": null,
        "valid_from": "2026-07-17T12:56:00+00:00",
        "valid_until": null,
        "corrections": [],
        "summary": null
      }
    },
    {
      "type": "Feature",
      "id": "FINNISH NAV WARN 439/26",
      "geometry": {
        "type": "Point",
        "coordinates": [
          20.7625,
          63.350833333333334
        ]
      },
      "properties": {
        "dtg": "2026-08-20T10:23:00",
        "raw_dtg": "201023Z AUG 26",
        "msg_id": "FINNISH NAV WARN 439/26",
        "year": 2026,
        "cancellations": [],
        "hazard_type": "general",
        "category": "other",
        "title": "General Warning",
        "geometry_kind": "point",
        "radius_nm": null,
        "body": "[The Quark] FINNISH NAV WARN 439/26\nTHE QUARK.\nLIGHTHOUSE UTGRYNNAN NR 7453\nIN POS 63-21.05N 020-45.75E\nRACON OUT OF ORDER",
        "cancel_date": null,
        "valid_from": "2026-08-20T10:23:00+00:00",
        "valid_until": null,
        "corrections": [],
        "summary": null
      }
    },
    {
      "type": "Feature",
      "id": "GERMAN NAV WARN 416/26",
      "geometry": {
        "type": "Point",
        "coordinates": [
          9.883333333333333,
          54.833333333333336
        ]
      },
      "properties": {
        "dtg": "2026-07-22T09:00:00",
        "raw_dtg": "220900Z JUL 26",
        "msg_id": "GERMAN NAV WARN 416/26",
        "year": 2026,
        "cancellations": [],
        "hazard_type": "aid to navigation outage",
        "category": "navigation",
        "title": "Aid to Navigation Outage",
        "geometry_kind": "point",
        "radius_nm": null,
        "body": "[Western Baltic] GERMAN NAV WARN 416/26\nWESTERN BALTIC FLENSBURGER FOERDE\nKALKGRUND LIGHTHOUSE\nPOS 54-50N 009-53E UNLIT",
        "cancel_date": null,
        "valid_from": "2026-07-22T09:00:00+00:00",
        "valid_until": null,
        "corrections": [],
        "summary": null
      }
    },
    {
      "type": "Feature",
      "id": "GERMAN NAV WARN 434/26#grp1",
      "geometry": {
        "type": "LineString",
        "coordinates": [
          [
            13.93,
            54.81
          ],
          [
            13.896666666666667,
            54.91
          ],
          [
            13.788333333333334,
            54.89
          ]
        ]
      },
      "properties": {
        "parent_id": "GERMAN NAV WARN 434/26",
        "group_index": 1,
        "dtg": "2026-08-03T09:40:00",
        "raw_dtg": "030940Z AUG 26",
        "year": 2026,
        "hazard_type": "general",
        "category": "other",
        "title": "General Warning",
        "body": "[Southern Baltic] GERMAN NAV WARN 434/26\nSOUTHERN BALTIC. NORTHEAST OF RUEGEN.\nEXPLOSIVES FOUND ALONG THE JOININGLINES:\n1. 54-48,6N 013-55,8E,\n54-54,6N 013-53,8E AND\n54-53,4N 013-47,3E.\n2. 54-35,3N 013-49,2E,\n54-28,3N 013-50,9E AND\n54-21,7N 013-51,0E.\nANCHORING AND FISHING PROHIBITED WITHIN\nA RADIUS OF 100 METRES.\nCANCEL GERMAN NAV WARN 403/26",
        "cancel_date": null,
        "valid_from": "2026-08-03T09:40:00+00:00",
        "valid_until": null,
        "corrections": [],
        "summary": null
      }
    },
    {
      "type": "Feature",
      "id": "GERMAN NAV WARN 434/26#grp2",
      "geometry": {
        "type": "LineString",
        "coordinates": [
          [
            13.82,
            54.58833333333333
          ],
          [
            13.848333333333333,
            54.471666666666664
          ],
          [
            13.85,
            54.361666666666665
          ]
        ]
      },
      "properties": {
        "parent_id": "GERMAN NAV WARN 434/26",
        "group_index": 2,
        "dtg": "2026-08-03T09:40:00",
        "raw_dtg": "030940Z AUG 26",
        "year": 2026,
        "hazard_type": "general",
        "category": "other",
        "title": "General Warning",
        "body": "[Southern Baltic] GERMAN NAV WARN 434/26\nSOUTHERN BALTIC. NORTHEAST OF RUEGEN.\nEXPLOSIVES FOUND ALONG THE JOININGLINES:\n1. 54-48,6N 013-55,8E,\n54-54,6N 013-53,8E AND\n54-53,4N 013-47,3E.\n2. 54-35,3N 013-49,2E,\n54-28,3N 013-50,9E AND\n54-21,7N 013-51,0E.\nANCHORING AND FISHING PROHIBITED WITHIN\nA RADIUS OF 100 METRES.\nCANCEL GERMAN NAV WARN 403/26",
        "cancel_date": null,
        "valid_from": "2026-08-03T09:40:00+00:00",
        "valid_until": null,
        "corrections": [],
        "summary": null
      }
    },
    {
      "type": "Feature",
      "id": "GERMAN NAV WARN 453/26",
      "geometry": {
        "type": "Point",
        "coordinates": [
          12.295,
          54.3
        ]
      },
      "properties": {
        "dtg": "2026-08-14T06:50:00",
        "raw_dtg": "140650Z AUG 26",
        "msg_id": "GERMAN NAV WARN 453/26",
        "year": 2026,
        "cancellations": [],
        "hazard_type": "general",
        "category": "other",
        "title": "General Warning",
        "geometry_kind": "point",
        "radius_nm": null,
        "body": "[Western Baltic] GERMAN NAV WARN 453/26\nWESTERN BALTIC. SOUTH WEST OF WUSTROW\nDREDGING OPERATIONS BY 'ASTREA', CS 'SYBE',\nAROUND POSITION 54-18,0N 012-17,7E\nGUARD VESSEL  'OEG VENTURE', CS 'MAWI6' ON SITE.\nA SAFTEY BERTH OF 0,5 NM IS REQUIRED.",
        "cancel_date": null,
        "valid_from": "2026-08-14T06:50:00+00:00",
        "valid_until": null,
        "corrections": [],
        "summary": null
      }
    },
    {
      "type": "Feature",
      "id": "GERMAN NAV WARN 463/26",
      "geometry": {
        "type": "Point",
        "coordinates": [
          11.7,
          54.13333333333333
        ]
      },
      "properties": {
        "dtg": "2026-08-17T10:15:00",
        "raw_dtg": "171015Z AUG 26",
        "msg_id": "GERMAN NAV WARN 463/26",
        "year": 2026,
        "cancellations": [],
        "hazard_type": "aid to navigation outage",
        "category": "navigation",
        "title": "Aid to Navigation Outage",
        "geometry_kind": "point",
        "radius_nm": null,
        "body": "[Western Baltic] GERMAN NAV WARN 463/26\nGERMAN NAVIGATIONAL WARNING NO. 463\nWESTERN BALTIC. MECKLENBURG BAY.\n'BUK' LIGHTHOUSE 54-08N 011-42E UNLIT.",
        "cancel_date": null,
        "valid_from": "2026-08-17T10:15:00+00:00",
        "valid_until": null,
        "corrections": [],
        "summary": null
      }
    },
    {
      "type": "Feature",
      "id": "GERMAN NAV WARN 467/26#grp1",
      "geometry": {
        "type": "LineString",
        "coordinates": [
          [
            13.923333333333334,
            54.825
          ],
          [
            13.896666666666667,
            54.91
          ],
          [
            13.788333333333334,
            54.89
          ]
        ]
      },
      "properties": {
        "parent_id": "GERMAN NAV WARN 467/26",
        "group_index": 1,
        "dtg": "2026-08-18T14:48:00",
        "raw_dtg": "181448Z AUG 26",
        "year": 2026,
        "hazard_type": "general",
        "category": "other",
        "title": "General Warning",
        "body": "[Southern Baltic] GERMAN NAV WARN 467/26\nSOUTHERN BALTIC. NORTHEAST OF RUEGEN\nEXPLOSIVES FOUND ALONG THE JOININGLINES:\n1. 54-49,5N 013-55,4E,\n    54-54,6N 013-53,8E AND\n    54-53,4N 013-47,3E.\n2. 54-35,3N 013-49,2E,\n    54-28,3N 013-50,9E AND\n    54-21,7N 013-51,0E.\nAND POSITION\n    54-44,9N 013-54,5E\n    54-43,9N 013-52,8E\nANCHORING AND FISHING PROHIBITED WITHIN\nA RADIUS OF 100 METRES.",
        "cancel_date": null,
        "valid_from": "2026-08-18T14:48:00+00:00",
        "valid_until": null,
        "corrections": [],
        "summary": null
      }
    },
    {
      "type": "Feature",
      "id": "GERMAN NAV WARN 467/26#grp2",
      "geometry": {
        "type": "LineString",
        "coordinates": [
          [
            13.82,
            54.58833333333333
          ],
          [
            13.848333333333333,
            54.471666666666664
          ],
          [
            13.85,
            54.361666666666665
          ],
          [
            13.908333333333333,
            54.748333333333335
          ],
          [
            13.88,
            54.73166666666667
          ]
        ]
      },
      "properties": {
        "parent_id": "GERMAN NAV WARN 467/26",
        "group_index": 2,
        "dtg": "2026-08-18T14:48:00",
        "raw_dtg": "181448Z AUG 26",
        "year": 2026,
        "hazard_type": "general",
        "category": "other",
        "title": "General Warning",
        "body": "[Southern Baltic] GERMAN NAV WARN 467/26\nSOUTHERN BALTIC. NORTHEAST OF RUEGEN\nEXPLOSIVES FOUND ALONG THE JOININGLINES:\n1. 54-49,5N 013-55,4E,\n    54-54,6N 013-53,8E AND\n    54-53,4N 013-47,3E.\n2. 54-35,3N 013-49,2E,\n    54-28,3N 013-50,9E AND\n    54-21,7N 013-51,0E.\nAND POSITION\n    54-44,9N 013-54,5E\n    54-43,9N 013-52,8E\nANCHORING AND FISHING PROHIBITED WITHIN\nA RADIUS OF 100 METRES.",
        "cancel_date": null,
        "valid_from": "2026-08-18T14:48:00+00:00",
        "valid_until": null,
        "corrections": [],
        "summary": null
      }
    },
    {
      "type": "Feature",
      "id": "GERMAN NAV WARN 472/26#grp1",
      "geometry": {
        "type": "LineString",
        "coordinates": [
          [
            13.923333333333334,
            54.825
          ],
          [
            13.896666666666667,
            54.91
          ],
          [
            13.788333333333334,
            54.89
          ]
        ]
      },
      "properties": {
        "parent_id": "GERMAN NAV WARN 472/26",
        "group_index": 1,
        "dtg": "2026-08-20T09:30:00",
        "raw_dtg": "200930Z AUG 26",
        "year": 2026,
        "hazard_type": "general",
        "category": "other",
        "title": "General Warning",
        "body": "[Southern Baltic] GERMAN NAV WARN 472/26\nSOUTHERN BALTIC. NORTHEAST OF RUEGEN.\nEXPLOSIVES FOUND ALONG THE JOININGLINES:\n1. 54-49,5N 013-55,4E,\n54-54,6N 013-53,8E AND\n54-53,4N 013-47,3E.\n2. 54-35,3N 013-49,2E,\n54-28,3N 013-50,9E AND\n54-21,7N 013-51,0E.\n3. 54-39,6N 013-50,0E AND\n54-39,2N 013-49,9E\nAND POSITION\n54-44,9N 013-54,5E\n54-43,9N 013-52,8E\nANCHORING AND FISHING PROHIBITED WITHIN\nA RADIUS OF 100 METRES.\nCANCEL NAV WARN 469/26",
        "cancel_date": null,
        "valid_from": "2026-08-20T09:30:00+00:00",
        "valid_until": null,
        "corrections": [],
        "summary": null
      }
    },
    {
      "type": "Feature",
      "id": "GERMAN NAV WARN 472/26#grp2",
      "geometry": {
        "type": "LineString",
        "coordinates": [
          [
            13.82,
            54.58833333333333
          ],
          [
            13.848333333333333,
            54.471666666666664
          ],
          [
            13.85,
            54.361666666666665
          ]
        ]
      },
      "properties": {
        "parent_id": "GERMAN NAV WARN 472/26",
        "group_index": 2,
        "dtg": "2026-08-20T09:30:00",
        "raw_dtg": "200930Z AUG 26",
        "year": 2026,
        "hazard_type": "general",
        "category": "other",
        "title": "General Warning",
        "body": "[Southern Baltic] GERMAN NAV WARN 472/26\nSOUTHERN BALTIC. NORTHEAST OF RUEGEN.\nEXPLOSIVES FOUND ALONG THE JOININGLINES:\n1. 54-49,5N 013-55,4E,\n54-54,6N 013-53,8E AND\n54-53,4N 013-47,3E.\n2. 54-35,3N 013-49,2E,\n54-28,3N 013-50,9E AND\n54-21,7N 013-51,0E.\n3. 54-39,6N 013-50,0E AND\n54-39,2N 013-49,9E\nAND POSITION\n54-44,9N 013-54,5E\n54-43,9N 013-52,8E\nANCHORING AND FISHING PROHIBITED WITHIN\nA RADIUS OF 100 METRES.\nCANCEL NAV WARN 469/26",
        "cancel_date": null,
        "valid_from": "2026-08-20T09:30:00+00:00",
        "valid_until": null,
        "corrections": [],
        "summary": null
      }
    },
    {
      "type": "Feature",
      "id": "GERMAN NAV WARN 472/26#grp3",
      "geometry": {
        "type": "LineString",
        "coordinates": [
          [
            13.833333333333334,
            54.66
          ],
          [
            13.831666666666667,
            54.653333333333336
          ],
          [
            13.908333333333333,
            54.748333333333335
          ],
          [
            13.88,
            54.73166666666667
          ]
        ]
      },
      "properties": {
        "parent_id": "GERMAN NAV WARN 472/26",
        "group_index": 3,
        "dtg": "2026-08-20T09:30:00",
        "raw_dtg": "200930Z AUG 26",
        "year": 2026,
        "hazard_type": "general",
        "category": "other",
        "title": "General Warning",
        "body": "[Southern Baltic] GERMAN NAV WARN 472/26\nSOUTHERN BALTIC. NORTHEAST OF RUEGEN.\nEXPLOSIVES FOUND ALONG THE JOININGLINES:\n1. 54-49,5N 013-55,4E,\n54-54,6N 013-53,8E AND\n54-53,4N 013-47,3E.\n2. 54-35,3N 013-49,2E,\n54-28,3N 013-50,9E AND\n54-21,7N 013-51,0E.\n3. 54-39,6N 013-50,0E AND\n54-39,2N 013-49,9E\nAND POSITION\n54-44,9N 013-54,5E\n54-43,9N 013-52,8E\nANCHORING AND FISHING PROHIBITED WITHIN\nA RADIUS OF 100 METRES.\nCANCEL NAV WARN 469/26",
        "cancel_date": null,
        "valid_from": "2026-08-20T09:30:00+00:00",
        "valid_until": null,
        "corrections": [],
        "summary": null
      }
    },
    {
      "type": "Feature",
      "id": "HYDROARC 126/26",
      "geometry": {
        "type": "Polygon",
        "coordinates": [
          [
            [
              73.516,
              68.56183333333334
            ],
            [
              74.357,
              68.414
            ],
            [
              74.339,
              68.40033333333334
            ],
            [
              73.53933333333333,
              68.54983333333334
            ],
            [
              73.516,
              68.56183333333334
            ]
          ]
        ]
      },
      "properties": {
        "dtg": "2026-07-10T11:36:00",
        "raw_dtg": "101136Z JUL 26",
        "msg_id": "HYDROARC 126/26",
        "year": 2026,
        "cancellations": [],
        "hazard_type": "cable",
        "category": "cable",
        "title": "Underwater Cable",
        "geometry_kind": "polygon",
        "radius_nm": null,
        "body": "HYDROARC 126/26.\nKARA SEA.\nRUSSIA.\nSURVEY OPERATIONS 14 JUL 26 UNTIL FURTHER\nNOTICE BY M/V AKVAMARIN TOWING 1000 METER\nLONG CABLE IN AREA BOUND BY\n68-33.71N 073-30.96E, 68-24.84N 074-21.42E,\n68-24.02N 074-20.34E, 68-32.99N 073-32.36E.\nTWO MILE BERTH REQUESTED.",
        "cancel_date": null,
        "valid_from": "2026-07-10T11:36:00+00:00",
        "valid_until": null,
        "corrections": [],
        "summary": null
      }
    },
    {
      "type": "Feature",
      "id": "HYDROARC 149/26",
      "geometry": {
        "type": "Point",
        "coordinates": [
          80.4465,
          73.13733333333333
        ]
      },
      "properties": {
        "dtg": "2026-07-26T09:05:00",
        "raw_dtg": "260905Z JUL 26",
        "msg_id": "HYDROARC 149/26",
        "year": 2026,
        "cancellations": [],
        "hazard_type": "general",
        "category": "other",
        "title": "General Warning",
        "geometry_kind": "point",
        "radius_nm": null,
        "body": "HYDROARC 149/26.\nKARA SEA.\nRUSSIA.\nTIDE GAUGE ESTABLISHED AT DEPTH 15 METERS\nIN 73-08.24N 080-26.79E.\nWIDE BERTH REQUESTED.",
        "cancel_date": null,
        "valid_from": "2026-07-26T09:05:00+00:00",
        "valid_until": null,
        "corrections": [],
        "summary": null
      }
    },
    {
      "type": "Feature",
      "id": "HYDROARC 152/26",
      "geometry": {
        "type": "Polygon",
        "coordinates": [
          [
            [
              71.777,
              66.9
            ],
            [
              72.39333333333333,
              67.268
            ],
            [
              72.5625,
              67.37666666666667
            ],
            [
              72.79416666666667,
              67.513
            ],
            [
              74.0565,
              67.47583333333333
            ],
            [
              73.5065,
              66.86816666666667
            ],
            [
              72.14816666666667,
              66.34766666666667
            ],
            [
              71.777,
              66.9
            ]
          ]
        ]
      },
      "properties": {
        "dtg": "2026-07-30T11:19:00",
        "raw_dtg": "301119Z JUL 26",
        "msg_id": "HYDROARC 152/26",
        "year": 2026,
        "cancellations": [],
        "hazard_type": "general",
        "category": "other",
        "title": "General Warning",
        "geometry_kind": "polygon",
        "radius_nm": null,
        "body": "HYDROARC 152/26.\nKARA SEA.\nRUSSIA.\n1. SURVEY OPERATIONS IN PROGRESS UNTIL 30 SEP\n   IN AREA BOUND BY\n   66-54.00N 071-46.62E, 67-16.08N 072-23.60E,\n   67-22.60N 072-33.75E, 67-30.78N 072-47.65E,\n   67-28.55N 074-03.39E, 66-52.09N 073-30.39E,\n   66-20.86N 072-08.89E.\n   WIDE BERTH REQUESTED.\n2. CANCEL THIS MSG 010001Z OCT 26.",
        "cancel_date": null,
        "valid_from": "2026-07-30T11:19:00+00:00",
        "valid_until": "2026-10-01T00:01:00+00:00",
        "corrections": [],
        "summary": null
      }
    },
    {
      "type": "Feature",
      "id": "HYDROARC 155/26",
      "geometry": {
        "type": "LineString",
        "coordinates": [
          [
            74.65333333333334,
            75.2035
          ],
          [
            80.383,
            76.16533333333334
          ],
          [
            86.72683333333333,
            76.39366666666666
          ],
          [
            91.35283333333334,
            76.62466666666667
          ],
          [
            94.57116666666667,
            77.05966666666667
          ],
          [
            97.5165,
            77.6335
          ],
          [
            98.69333333333333,
            77.77083333333333
          ],
          [
            99.9065,
            77.74583333333334
          ],
          [
            105.9435,
            78.00233333333334
          ],
          [
            108.0885,
            77.941
          ],
          [
            116.95666666666666,
            77.246
          ],
          [
            124.36816666666667,
            76.927
          ],
          [
            129.08283333333333,
            77.03183333333334
          ],
          [
            129.46633333333332,
            75.9995
          ],
          [
            131.15166666666667,
            73.81616666666666
          ],
          [
            131.17216666666667,
            72.32433333333333
          ],
          [
            130.604,
            71.43966666666667
          ],
          [
            129.92916666666667,
            71.397
          ],
          [
            129.33483333333334,
            71.60916666666667
          ],
          [
            128.88883333333334,
            71.6395
          ]
        ]
      },
      "properties": {
        "dtg": "2026-08-05T12:58:00",
        "raw_dtg": "051258Z AUG 26",
        "msg_id": "HYDROARC 155/26",
        "year": 2026,
        "cancellations": [],
        "hazard_type": "cable",
        "category": "cable",
        "title": "Underwater Cable",
        "geometry_kind": "linestring",
        "radius_nm": null,
        "body": "HYDROARC 155/26.\nKARA SEA.\nLAPTEV SEA.\nRUSSIA.\n1. CABLE OPERATIONS 10 AUG THRU 30 NOV\n   BY M/V NORTON WAVE, CABLESHIP YAUZA,\n   M/V SOPHIA, AND M/V SIRIUS\n   ALONG TRACKLINE JOINING\n   75-12.21N 074-39.20E, 76-09.92N 080-22.98E,\n   76-23.62N 086-43.61E, 76-37.48N 091-21.17E,\n   77-03.58N 094-34.27E, 77-38.01N 097-30.99E,\n   77-46.25N 098-41.60E, 77-44.75N 099-54.39E,\n   78-00.14N 105-56.61E, 77-56.46N 108-05.31E,\n   77-14.76N 116-57.40E, 76-55.62N 124-22.09E,\n   77-01.91N 129-04.97E, 75-59.97N 129-27.98E,\n   73-48.97N 131-09.10E, 72-19.46N 131-10.33E,\n   71-26.38N 130-36.24E, 71-23.82N 129-55.75E,\n   71-36.55N 129-20.09E, 71-38.37N 128-53.33E.\n   TWO MILE BERTH REQUESTED.\n2. CANCEL THIS MSG 010001Z DEC 26.",
        "cancel_date": null,
        "valid_from": "2026-08-05T12:58:00+00:00",
        "valid_until": "2026-12-01T00:01:00+00:00",
        "corrections": [],
        "summary": null
      }
    },
    {
      "type": "Feature",
      "id": "HYDROARC 168/26#grp1",
      "geometry": {
        "type": "Polygon",
        "coordinates": [
          [
            [
              51.233333333333334,
              69.28333333333333
            ],
            [
              52.03333333333333,
              69.01666666666667
            ],
            [
              50.45,
              68.31666666666666
            ],
            [
              49.8,
              68.55
            ],
            [
              51.233333333333334,
              69.28333333333333
            ]
          ]
        ]
      },
      "properties": {
        "parent_id": "HYDROARC 168/26",
        "group_index": 1,
        "dtg": "2026-08-12T20:01:00",
        "raw_dtg": "122001Z AUG 26",
        "year": 2026,
        "hazard_type": "hazardous operations",
        "category": "military",
        "title": "Hazardous Operations",
        "body": "HYDROARC 168/26.\nBARENTS SEA.\nRUSSIA.\n1. HAZARDOUS OPERATIONS, ROCKET LAUNCHING\n   132100Z TO 132359Z, 0001Z TO 1800Z AND\n   2100Z TO 2359Z DAILY 14 THRU 26 AND\n   270001Z TO 271800Z AUG IN AREAS BOUND BY:\n   A. 69-17.00N 051-14.00E, 69-01.00N 052-02.00E,\n      68-19.00N 050-27.00E, 68-33.00N 049-48.00E.\n   B. 70-33.94N 032-36.68E, 70-46.27N 033-52.16E,\n      69-45.82N 035-13.22E, 69-34.82N 033-57.43E.\n   C. 72-47.18N 029-27.88E, 73-01.54N 030-54.23E,\n      71-53.17N 032-54.86E, 71-39.58N 031-25.22E.\n2. CANCEL HYDROARC 161/26.\n3. CANCEL THIS MSG 271900Z AUG 26.",
        "cancel_date": null,
        "valid_from": "2026-08-12T20:01:00+00:00",
        "valid_until": "2026-08-27T19:00:00+00:00",
        "corrections": [],
        "summary": null
      }
    },
    {
      "type": "Feature",
      "id": "HYDROARC 168/26#grp2",
      "geometry": {
        "type": "Polygon",
        "coordinates": [
          [
            [
              32.611333333333334,
              70.56566666666667
            ],
            [
              33.86933333333333,
              70.77116666666667
            ],
            [
              35.220333333333336,
              69.76366666666667
            ],
            [
              33.957166666666666,
              69.58033333333333
            ],
            [
              32.611333333333334,
              70.56566666666667
            ]
          ]
        ]
      },
      "properties": {
        "parent_id": "HYDROARC 168/26",
        "group_index": 2,
        "dtg": "2026-08-12T20:01:00",
        "raw_dtg": "122001Z AUG 26",
        "year": 2026,
        "hazard_type": "hazardous operations",
        "category": "military",
        "title": "Hazardous Operations",
        "body": "HYDROARC 168/26.\nBARENTS SEA.\nRUSSIA.\n1. HAZARDOUS OPERATIONS, ROCKET LAUNCHING\n   132100Z TO 132359Z, 0001Z TO 1800Z AND\n   2100Z TO 2359Z DAILY 14 THRU 26 AND\n   270001Z TO 271800Z AUG IN AREAS BOUND BY:\n   A. 69-17.00N 051-14.00E, 69-01.00N 052-02.00E,\n      68-19.00N 050-27.00E, 68-33.00N 049-48.00E.\n   B. 70-33.94N 032-36.68E, 70-46.27N 033-52.16E,\n      69-45.82N 035-13.22E, 69-34.82N 033-57.43E.\n   C. 72-47.18N 029-27.88E, 73-01.54N 030-54.23E,\n      71-53.17N 032-54.86E, 71-39.58N 031-25.22E.\n2. CANCEL HYDROARC 161/26.\n3. CANCEL THIS MSG 271900Z AUG 26.",
        "cancel_date": null,
        "valid_from": "2026-08-12T20:01:00+00:00",
        "valid_until": "2026-08-27T19:00:00+00:00",
        "corrections": [],
        "summary": null
      }
    },
    {
      "type": "Feature",
      "id": "HYDROARC 168/26#grp3",
      "geometry": {
        "type": "Polygon",
        "coordinates": [
          [
            [
              29.464666666666666,
              72.78633333333333
            ],
            [
              30.903833333333335,
              73.02566666666667
            ],
            [
              32.91433333333333,
              71.88616666666667
            ],
            [
              31.420333333333332,
              71.65966666666667
            ],
            [
              29.464666666666666,
              72.78633333333333
            ]
          ]
        ]
      },
      "properties": {
        "parent_id": "HYDROARC 168/26",
        "group_index": 3,
        "dtg": "2026-08-12T20:01:00",
        "raw_dtg": "122001Z AUG 26",
        "year": 2026,
        "hazard_type": "hazardous operations",
        "category": "military",
        "title": "Hazardous Operations",
        "body": "HYDROARC 168/26.\nBARENTS SEA.\nRUSSIA.\n1. HAZARDOUS OPERATIONS, ROCKET LAUNCHING\n   132100Z TO 132359Z, 0001Z TO 1800Z AND\n   2100Z TO 2359Z DAILY 14 THRU 26 AND\n   270001Z TO 271800Z AUG IN AREAS BOUND BY:\n   A. 69-17.00N 051-14.00E, 69-01.00N 052-02.00E,\n      68-19.00N 050-27.00E, 68-33.00N 049-48.00E.\n   B. 70-33.94N 032-36.68E, 70-46.27N 033-52.16E,\n      69-45.82N 035-13.22E, 69-34.82N 033-57.43E.\n   C. 72-47.18N 029-27.88E, 73-01.54N 030-54.23E,\n      71-53.17N 032-54.86E, 71-39.58N 031-25.22E.\n2. CANCEL HYDROARC 161/26.\n3. CANCEL THIS MSG 271900Z AUG 26.",
        "cancel_date": null,
        "valid_from": "2026-08-12T20:01:00+00:00",
        "valid_until": "2026-08-27T19:00:00+00:00",
        "corrections": [],
        "summary": null
      }
    },
    {
      "type": "Feature",
      "id": "HYDROARC 170/26",
      "geometry": null,
      "properties": {
        "dtg": "2026-08-14T15:25:00",
        "raw_dtg": "141525Z AUG 26",
        "msg_id": "HYDROARC 170/26",
        "year": 2026,
        "cancellations": [
          "HYDROARC 160/26"
        ],
        "hazard_type": "general",
        "category": "other",
        "title": "General Warning",
        "geometry_kind": "point",
        "radius_nm": null,
        "body": "HYDROARC 170/26.\n1. HYDROARC WARNINGS IN FORCE AS OF 141525Z AUG.\n   ALL THE INFORCE WARNINGS ARE LISTED HERE.\n   169/2026, 168/2026, 155/2026, 152/2026, 149/2026, 126/2026.\n   180/2025, 178/2025, 175/2025, 148/2025, 145/2025, 103/2025.\n   283/2024.\n   163/2023.\n   198/2022.\n2. THE COMPLETE TEXT OF ALL IN-FORCE HYDROARC\n   BROADCAST WARNINGS ARE AVAILABLE ON THE NGA\n   MARITIME SAFETY INFORMATION WEBSITE AT:\n   MSI.NGA.MIL/NAVWARNINGS.\n   ALTERNATIVELY, THESE MAY BE REQUESTED BY E-MAIL\n   FROM NGA AT NAVSAFETY@NGA.MIL.\n3. CANCEL HYDROARC 160/26.",
        "cancel_date": null,
        "valid_from": "2026-08-14T15:25:00+00:00",
        "valid_until": null,
        "corrections": [],
        "summary": null
      }
    },
    {
      "type": "Feature",
      "id": "HYDROARC 175/26",
      "geometry": {
        "type": "Polygon",
        "coordinates": [
          [
            [
              49.81666666666667,
              68.73333333333333
            ],
            [
              50.61666666666667,
              68.5
            ],
            [
              49.416666666666664,
              67.93333333333334
            ],
            [
              48.8,
              67.86666666666666
            ],
            [
              48.3,
              68.01666666666667
            ],
            [
              49.81666666666667,
              68.73333333333333
            ]
          ]
        ]
      },
      "properties": {
        "dtg": "2026-08-18T17:56:00",
        "raw_dtg": "181756Z AUG 26",
        "msg_id": "HYDROARC 175/26",
        "year": 2026,
        "cancellations": [],
        "hazard_type": "hazardous operations",
        "category": "military",
        "title": "Hazardous Operations",
        "geometry_kind": "polygon",
        "radius_nm": null,
        "body": "HYDROARC 175/26.\nBARENTS SEA.\nRUSSIA.\n1. HAZARDOUS OPERATIONS, ROCKET LAUNCHING\n   232100Z TO 240001Z, 0001Z TO 1800Z AND\n   2100Z TO 0001Z DAILY 24 THRU 29 AND\n   300000Z TO 301800Z AUG IN AREA BOUND BY\n   68-44.00N 049-49.00E, 68-30.00N 050-37.00E,\n   67-56.00N 049-25.00E, 67-52.00N 048-48.00E,\n   68-01.00N 048-18.00E.\n2. CANCEL THIS MSG 301900Z AUG 26.",
        "cancel_date": null,
        "valid_from": "2026-08-18T17:56:00+00:00",
        "valid_until": "2026-08-30T19:00:00+00:00",
        "corrections": [],
        "summary": null
      }
    },
    {
      "type": "Feature",
      "id": "HYDROARC 176/26",
      "geometry": {
        "type": "Polygon",
        "coordinates": [
          [
            [
              51.233333333333334,
              69.28333333333333
            ],
            [
              52.03333333333333,
              69.01666666666667
            ],
            [
              50.45,
              68.31666666666666
            ],
            [
              49.8,
              68.55
            ],
            [
              51.233333333333334,
              69.28333333333333
            ]
          ]
        ]
      },
      "properties": {
        "dtg": "2026-08-19T00:47:00",
        "raw_dtg": "190047Z AUG 26",
        "msg_id": "HYDROARC 176/26",
        "year": 2026,
        "cancellations": [],
        "hazard_type": "hazardous operations",
        "category": "military",
        "title": "Hazardous Operations",
        "geometry_kind": "polygon",
        "radius_nm": null,
        "body": "HYDROARC 176/26.\nBARENTS SEA.\nRUSSIA.\n1. HAZARDOUS OPERATIONS, ROCKET LAUNCHING\n   0001Z TO 1800Z DAILY UNTIL 23 AUG\n   IN AREA BOUND BY\n   69-17.00N 051-14.00E, 69-01.00N 052-02.00E,\n   68-19.00N 050-27.00E, 68-33.00N 049-48.00E.\n2. CANCEL THIS MSG 231900Z AUG 26.",
        "cancel_date": null,
        "valid_from": "2026-08-19T00:47:00+00:00",
        "valid_until": "2026-08-23T19:00:00+00:00",
        "corrections": [],
        "summary": null
      }
    },
    {
      "type": "Feature",
      "id": "HYDROARC 177/26#grp1",
      "geometry": {
        "type": "Point",
        "coordinates": [
          109.79333333333334,
          79.12833333333333
        ]
      },
      "properties": {
        "parent_id": "HYDROARC 177/26",
        "group_index": 1,
        "dtg": "2026-08-19T07:23:00",
        "raw_dtg": "190723Z AUG 26",
        "year": 2026,
        "hazard_type": "ice and icebergs",
        "category": "navigation",
        "title": "Ice and Icebergs",
        "body": "HYDROARC 177/26.\nLAPTEV SEA.\n1. ICEBERGS REPORTED AT 190616Z AUG IN:\n   A. 79-07.70N 109-47.60E.\n   B. 79-00.60N 110-02.70E.\n2. CANCEL THIS MSG 220726Z AUG 26.",
        "cancel_date": null,
        "valid_from": "2026-08-19T07:23:00+00:00",
        "valid_until": "2026-08-22T07:26:00+00:00",
        "corrections": [],
        "summary": null
      }
    },
    {
      "type": "Feature",
      "id": "HYDROARC 177/26#grp2",
      "geometry": {
        "type": "Point",
        "coordinates": [
          110.045,
          79.01
        ]
      },
      "properties": {
        "parent_id": "HYDROARC 177/26",
        "group_index": 2,
        "dtg": "2026-08-19T07:23:00",
        "raw_dtg": "190723Z AUG 26",
        "year": 2026,
        "hazard_type": "ice and icebergs",
        "category": "navigation",
        "title": "Ice and Icebergs",
        "body": "HYDROARC 177/26.\nLAPTEV SEA.\n1. ICEBERGS REPORTED AT 190616Z AUG IN:\n   A. 79-07.70N 109-47.60E.\n   B. 79-00.60N 110-02.70E.\n2. CANCEL THIS MSG 220726Z AUG 26.",
        "cancel_date": null,
        "valid_from": "2026-08-19T07:23:00+00:00",
        "valid_until": "2026-08-22T07:26:00+00:00",
        "corrections": [],
        "summary": null
      }
    },
    {
      "type": "Feature",
      "id": "HYDROARC 178/26#grp1",
      "geometry": {
        "type": "Polygon",
        "coordinates": [
          [
            [
              45.71666666666667,
              70.21666666666667
            ],
            [
              47.2,
              70.03333333333333
            ],
            [
              45.833333333333336,
              68.81666666666666
            ],
            [
              44.45,
              69.0
            ],
            [
              45.71666666666667,
              70.21666666666667
            ]
          ]
        ]
      },
      "properties": {
        "parent_id": "HYDROARC 178/26",
        "group_index": 1,
        "dtg": "2026-08-20T00:38:00",
        "raw_dtg": "200038Z AUG 26",
        "year": 2026,
        "hazard_type": "hazardous operations",
        "category": "military",
        "title": "Hazardous Operations",
        "body": "HYDROARC 178/26.\nBARENTS SEA.\nRUSSIA.\n1. HAZARDOUS OPERATIONS, ROCKET LAUNCHING\n   202100Z TO 202359Z, 0001Z TO 1800Z AND\n   2100Z TO 2359Z DAILY 21 THRU 29 AND\n   300001Z TO 301800Z IN AREAS BOUND BY:\n   A. 70-13.00N 045-43.00E, 70-02.00N 047-12.00E,\n      68-49.00N 045-50.00E, 69-00.00N 044-27.00E.\n   B. 77-52.00N 061-55.00E, 77-37.00N 063-39.00E,\n      76-39.00N 060-30.00E, 76-56.00N 058-52.00E.\n2. CANCEL THIS MSG 301900Z AUG 26.",
        "cancel_date": null,
        "valid_from": "2026-08-20T00:38:00+00:00",
        "valid_until": "2026-08-30T19:00:00+00:00",
        "corrections": [],
        "summary": null
      }
    },
    {
      "type": "Feature",
      "id": "HYDROARC 178/26#grp2",
      "geometry": {
        "type": "Polygon",
        "coordinates": [
          [
            [
              61.916666666666664,
              77.86666666666666
            ],
            [
              63.65,
              77.61666666666666
            ],
            [
              60.5,
              76.65
            ],
            [
              58.86666666666667,
              76.93333333333334
            ],
            [
              61.916666666666664,
              77.86666666666666
            ]
          ]
        ]
      },
      "properties": {
        "parent_id": "HYDROARC 178/26",
        "group_index": 2,
        "dtg": "2026-08-20T00:38:00",
        "raw_dtg": "200038Z AUG 26",
        "year": 2026,
        "hazard_type": "hazardous operations",
        "category": "military",
        "title": "Hazardous Operations",
        "body": "HYDROARC 178/26.\nBARENTS SEA.\nRUSSIA.\n1. HAZARDOUS OPERATIONS, ROCKET LAUNCHING\n   202100Z TO 202359Z, 0001Z TO 1800Z AND\n   2100Z TO 2359Z DAILY 21 THRU 29 AND\n   300001Z TO 301800Z IN AREAS BOUND BY:\n   A. 70-13.00N 045-43.00E, 70-02.00N 047-12.00E,\n      68-49.00N 045-50.00E, 69-00.00N 044-27.00E.\n   B. 77-52.00N 061-55.00E, 77-37.00N 063-39.00E,\n      76-39.00N 060-30.00E, 76-56.00N 058-52.00E.\n2. CANCEL THIS MSG 301900Z AUG 26.",
        "cancel_date": null,
        "valid_from": "2026-08-20T00:38:00+00:00",
        "valid_until": "2026-08-30T19:00:00+00:00",
        "corrections": [],
        "summary": null
      }
    },
    {
      "type": "Feature",
      "id": "KALININGRAD NAV WARN 170/26",
      "geometry": {
        "type": "Polygon",
        "coordinates": [
          [
            [
              20.133333333333333,
              55.333333333333336
            ],
            [
              20.416666666666668,
              55.333333333333336
            ],
            [
              20.416666666666668,
              55.126666666666665
            ],
            [
              20.133333333333333,
              55.126666666666665
            ],
            [
              20.133333333333333,
              55.333333333333336
            ]
          ]
        ]
      },
      "properties": {
        "dtg": "2026-07-31T21:00:00",
        "raw_dtg": "312100Z JUL 26",
        "msg_id": "KALININGRAD NAV WARN 170/26",
        "year": 2026,
        "cancellations": [],
        "hazard_type": "general",
        "category": "other",
        "title": "General Warning",
        "geometry_kind": "polygon",
        "radius_nm": null,
        "body": "[South-eastern Baltic] KALININGRAD NAV WARN 170/26\nSOUTHEASTERN BALTIC\n1. SHIPS EXERCISES 312100 UTC JUL THRU 312100 UTC AUG\nIN AREA TEMPORARILY DANGEROUS TO SHIPPING BR-42\n55-20.00N 020-08.00E 55-20.00N 020-25.00E\n55-07.60N 020-25.00E 55-07.60N 020-08.00E\n2. CANCEL THIS MESSAGE 312200 UTC AUG=",
        "cancel_date": null,
        "valid_from": "2026-07-31T21:00:00+00:00",
        "valid_until": "2026-08-31T22:00:00+00:00",
        "corrections": [],
        "summary": null
      }
    },
    {
      "type": "Feature",
      "id": "KALININGRAD NAV WARN 171/26",
      "geometry": {
        "type": "Polygon",
        "coordinates": [
          [
            [
              19.026666666666667,
              55.53333333333333
            ],
            [
              19.833333333333332,
              55.53333333333333
            ],
            [
              19.583333333333332,
              55.05
            ],
            [
              19.583333333333332,
              54.77333333333333
            ],
            [
              19.338333333333335,
              54.83833333333333
            ],
            [
              19.153333333333332,
              55.19166666666667
            ],
            [
              19.076666666666668,
              55.333333333333336
            ],
            [
              19.026666666666667,
              55.53333333333333
            ]
          ]
        ]
      },
      "properties": {
        "dtg": "2026-07-31T21:00:00",
        "raw_dtg": "312100Z JUL 26",
        "msg_id": "KALININGRAD NAV WARN 171/26",
        "year": 2026,
        "cancellations": [],
        "hazard_type": "general",
        "category": "other",
        "title": "General Warning",
        "geometry_kind": "polygon",
        "radius_nm": null,
        "body": "[South-eastern Baltic] KALININGRAD NAV WARN 171/26\nSOUTHEASTERN BALTIC\n1. SHIPS EXERCISES 312100 UTC JUL THRU 312100 UTC AUG\nIN AREA TEMPORARILY DANGEROUS TO SHIPPING\n55-32.00N 019-01.60E 55-32.00N 019-50.00E\n55-03.00N 019-35.00E 54-46.40N 019-35.00E\n54-50.30N 019-20.30E 55-11.50N 019-09.20E\n55-20.00N 019-04.60E\n2. CANCEL THIS MESSAGE 312200 UTC AUG=",
        "cancel_date": null,
        "valid_from": "2026-07-31T21:00:00+00:00",
        "valid_until": "2026-08-31T22:00:00+00:00",
        "corrections": [],
        "summary": null
      }
    },
    {
      "type": "Feature",
      "id": "KALININGRAD NAV WARN 172/26",
      "geometry": {
        "type": "Polygon",
        "coordinates": [
          [
            [
              19.05,
              55.9
            ],
            [
              20.25,
              55.5
            ],
            [
              20.25,
              55.06666666666667
            ],
            [
              20.1,
              54.958333333333336
            ],
            [
              19.916666666666668,
              54.958333333333336
            ],
            [
              19.833333333333332,
              54.833333333333336
            ],
            [
              19.416666666666668,
              54.833333333333336
            ],
            [
              19.05,
              55.9
            ]
          ]
        ]
      },
      "properties": {
        "dtg": "2026-07-31T21:00:00",
        "raw_dtg": "312100Z JUL 26",
        "msg_id": "KALININGRAD NAV WARN 172/26",
        "year": 2026,
        "cancellations": [],
        "hazard_type": "general",
        "category": "other",
        "title": "General Warning",
        "geometry_kind": "polygon",
        "radius_nm": null,
        "body": "[South-eastern Baltic] KALININGRAD NAV WARN 172/26\nSOUTHEASTERN BALTIC\n1. SHIPS EXERCISES 312100 UTC JUL THRU 312100 UTC AUG\nIN AREA TEMPORARILY DANGEROUS TO SHIPPING BR-117\n55-54.00N 019-03.00E 55-30.00N 020-15.00E\n55-04.00N 020-15.00E 54-57.50N 020-06.00E\n54-57.50N 019-55.00E 54-50.00N 019-50.00E\n54-50.00N 019-25.00E\n2. CANCEL THIS MESSAGE 312200 UTC AUG=",
        "cancel_date": null,
        "valid_from": "2026-07-31T21:00:00+00:00",
        "valid_until": "2026-08-31T22:00:00+00:00",
        "corrections": [],
        "summary": null
      }
    },
    {
      "type": "Feature",
      "id": "KALININGRAD NAV WARN 173/26",
      "geometry": {
        "type": "Polygon",
        "coordinates": [
          [
            [
              19.755,
              55.15833333333333
            ],
            [
              20.0,
              55.15833333333333
            ],
            [
              20.0,
              55.03333333333333
            ],
            [
              19.66,
              55.03333333333333
            ],
            [
              19.755,
              55.15833333333333
            ]
          ]
        ]
      },
      "properties": {
        "dtg": "2026-07-31T21:00:00",
        "raw_dtg": "312100Z JUL 26",
        "msg_id": "KALININGRAD NAV WARN 173/26",
        "year": 2026,
        "cancellations": [],
        "hazard_type": "general",
        "category": "other",
        "title": "General Warning",
        "geometry_kind": "polygon",
        "radius_nm": null,
        "body": "[South-eastern Baltic] KALININGRAD NAV WARN 173/26\nSOUTHEASTERN BALTIC\n1. SHIPS EXERCISES 312100 UTC JUL THRU 312100 UTC AUG\nIN AREA TEMPORARILY DANGEROUS TO SHIPPING BR-161\n55-09.50N 019-45.30E 55-09.50N 020-00.00E\n55-02.00N 020-00.00E 55-02.00N 019-39.60E\n2. CANCEL THIS MESSAGE 312200 UTC AUG=",
        "cancel_date": null,
        "valid_from": "2026-07-31T21:00:00+00:00",
        "valid_until": "2026-08-31T22:00:00+00:00",
        "corrections": [],
        "summary": null
      }
    },
    {
      "type": "Feature",
      "id": "LITHUANIAN NAV WARN 058/26",
      "geometry": {
        "type": "Point",
        "coordinates": [
          20.85,
          55.49333333333333
        ]
      },
      "properties": {
        "dtg": "2026-08-20T10:33:00",
        "raw_dtg": "201033Z AUG 26",
        "msg_id": "LITHUANIAN NAV WARN 058/26",
        "year": 2026,
        "cancellations": [],
        "hazard_type": "general",
        "category": "other",
        "title": "General Warning",
        "geometry_kind": "point",
        "radius_nm": null,
        "body": "[South-eastern Baltic] LITHUANIAN NAV WARN 058/26\nSOUTH-EASTERN BALTIC.\nMILITARY EXERCISES 0900–1500 UTC DAILY\n27 AND 28 AUG IN AREA EYD-18, CENTERED\nIN 55-29.6N 020-51.0E.\nAREA TEMPORARILY DANGEROUS TO SHIPPING.\nWIDE BERTH REQUESTED.\nCANCEL THIS MSG 281600 UTC AUG 26.",
        "cancel_date": null,
        "valid_from": "2026-08-20T10:33:00+00:00",
        "valid_until": "2026-08-28T16:00:00+00:00",
        "corrections": [],
        "summary": null
      }
    },
    {
      "type": "Feature",
      "id": "NAVAREA XIX 100/26",
      "geometry": {
        "type": "MultiPoint",
        "coordinates": [
          [
            20.416666666666668,
            72.535
          ],
          [
            5.304,
            67.0275
          ],
          [
            7.301666666666667,
            65.28666666666666
          ],
          [
            6.705,
            65.13333333333334
          ]
        ]
      },
      "properties": {
        "dtg": "2026-08-09T18:30:00",
        "raw_dtg": "091830Z AUG 26",
        "msg_id": "NAVAREA XIX 100/26",
        "year": 2026,
        "cancellations": [
          "97/26"
        ],
        "hazard_type": "general",
        "category": "other",
        "title": "General Warning",
        "geometry_kind": "multipoint",
        "radius_nm": null,
        "body": "NAVAREA XIX 100/26\n\n\n\n1. RIGLIST. CORRECT AT  091830 UTC AUG 26\n\nNORWEGIAN SEA: NORTH OF 65N, EAST OF 5W.\n\n\n\n72-32.10N 020-25.00E - TRANSOCEAN ENABLER\n\n67-01.65N 005-18.24E - TRANSOCEAN NORGE\n\n65-17.20N 007-18.10E - ISLAND INNOVATOR\n\n65-08.00N 006-42.30E - TRANSOCEAN ENCOURAGE\n\n\n\nNOTES:\n\nA. RIGS ARE PROTECTED BY A 500 METRE SAFETY ZONE.\n\nB. FOR RIGS LOCATED SOUTH OF 65N, REFER TO NAVAREA I WARNINGS OR VISIT WWW.UKHO.GOV.UK/RNW\n\n2. CANCEL NAVAREA XIX　97/26",
        "cancel_date": null,
        "valid_from": "2026-08-09T18:30:00+00:00",
        "valid_until": null,
        "corrections": [],
        "summary": null
      }
    },
    {
      "type": "Feature",
      "id": "NAVAREA XIX 101/26",
      "geometry": null,
      "properties": {
        "dtg": "2026-08-14T18:30:00",
        "raw_dtg": "141830Z AUG 26",
        "msg_id": "NAVAREA XIX 101/26",
        "year": 2026,
        "cancellations": [
          "NAVAREA XIX 98/26"
        ],
        "hazard_type": "general",
        "category": "other",
        "title": "General Warning",
        "geometry_kind": "point",
        "radius_nm": null,
        "body": "NAVAREA XIX 101/26\n\n1. NAVAREA XIX WARNINGS INFORCE AT 141830 UTC AUG 26\n\n2026 SERIES: 45, 99, 100, 101\n\n2. CANCEL NAVAREA XIX 98/26",
        "cancel_date": null,
        "valid_from": "2026-08-14T18:30:00+00:00",
        "valid_until": null,
        "corrections": [],
        "summary": null
      }
    },
    {
      "type": "Feature",
      "id": "NAVAREA XIX 45/26",
      "geometry": null,
      "properties": {
        "dtg": "2026-06-26T06:30:00",
        "raw_dtg": "260630Z JUN 26",
        "msg_id": "NAVAREA XIX 45/26",
        "year": 2026,
        "cancellations": [
          "NAVAREA XIX 1/25"
        ],
        "hazard_type": "general",
        "category": "other",
        "title": "General Warning",
        "geometry_kind": "point",
        "radius_nm": null,
        "body": "NAVAREA XIX 45/26\n\n1.THE NORWEGIAN GOVERNMENT HAS DECIDED THAT\n\nRUSSIAN FISHING VESSELS ONLY HAVE ACCESS TO THE\n\nFOLLOWING THREE PORTS ON THE NORWEGIAN MAINLAND:\n\n\n\nA.BAATSFJORD (NOBJF)\n\nB.KIRKENES (NOKKN)\n\nC.TROMSOE (NOTOS)\n\n\n\nA BAN ON ACCESS TO OTHER PORTS ON THE NORWEGIAN MAINLAND\n\nWILL APPLY FOR RUSSIAN FISHING VESSELS FROM 132200 UTC OCT 2022.\n\n2. CANCEL NAVAREA XIX 1/25",
        "cancel_date": null,
        "valid_from": "2026-06-26T06:30:00+00:00",
        "valid_until": null,
        "corrections": [],
        "summary": null
      }
    },
    {
      "type": "Feature",
      "id": "NAVAREA XIX 99/26",
      "geometry": {
        "type": "Polygon",
        "coordinates": [
          [
            [
              30.902333333333335,
              73.022
            ],
            [
              32.90866666666667,
              71.885
            ],
            [
              31.418833333333332,
              71.65583333333333
            ],
            [
              29.458833333333335,
              72.78516666666667
            ],
            [
              30.902333333333335,
              73.022
            ]
          ]
        ]
      },
      "properties": {
        "dtg": "2026-08-08T06:30:00",
        "raw_dtg": "080630Z AUG 26",
        "msg_id": "NAVAREA XIX 99/26",
        "year": 2026,
        "cancellations": [],
        "hazard_type": "hazardous operations",
        "category": "military",
        "title": "Hazardous Operations",
        "geometry_kind": "polygon",
        "radius_nm": null,
        "body": "NAVAREA XIX 99/26\n\n\n\n1. ROCKET LAUNCHING IN THE FOLLOWING PERIODS\n\n A. 2100 TO 2400  UTC 13 AUG 26\n\n B. 0000 TO 1800 UTC AND 2100 TO 2400  UTC 14 TO 26 AUG 26\n\n C. 0000 TO 1800  UTC. 27 AUG 26\n\n\n\nDANGER AREA ESTABLISHED IN AREA BOUNDED BY\n\n\n\nA. 73-01.32N 030-54.14E\n\nB. 71-53.10N 032-54.52E\n\nC. 71-39.35N 031-25.13E\n\nD. 72-47.11N 029-27.53E\n\n\n\n2. CANCEL THIS MSG 271900UTC AUG 26.",
        "cancel_date": null,
        "valid_from": "2026-08-08T06:30:00+00:00",
        "valid_until": "2026-08-27T19:00:00+00:00",
        "corrections": [],
        "summary": null
      }
    },
    {
      "type": "Feature",
      "id": "NAVAREA XX 102/26",
      "geometry": {
        "type": "Point",
        "coordinates": [
          33.99616666666667,
          69.72966666666667
        ]
      },
      "properties": {
        "dtg": null,
        "raw_dtg": "",
        "msg_id": "NAVAREA XX 102/26",
        "year": 2026,
        "cancellations": [],
        "hazard_type": "general",
        "category": "other",
        "title": "General Warning",
        "geometry_kind": "point",
        "radius_nm": null,
        "body": "NAVAREA XX 102/26 CHARTS RUS 12000. BARENTS SEA. ANCHORAGE EQUIPMENT ESTABLISHED IN: 1. 69-43.78N 033-59.77E, 2. 69-43.80N 034-00.23E.= NNNN",
        "cancel_date": null,
        "valid_from": "2026-08-07T00:00:00+00:00",
        "valid_until": null,
        "corrections": [],
        "summary": null
      }
    },
    {
      "type": "Feature",
      "id": "PETERSBURG NAV WARN 121/26",
      "geometry": {
        "type": "Polygon",
        "coordinates": [
          [
            [
              27.54474457642808,
              59.81133333333333
            ],
            [
              27.544240077455072,
              59.817143716183175
            ],
            [
              27.54273042007786,
              59.822909878511126
            ],
            [
              27.540227093700636,
              59.82858793634016
            ],
            [
              27.536749150148687,
              59.83413467622171
            ],
            [
              27.53232305867248,
              59.839507884116045
            ],
            [
              27.526982504500694,
              59.84466666666666
            ],
            [
              27.52076813247529,
              59.8495717624234
            ],
            [
              27.513727237719728,
              59.85418584064577
            ],
            [
              27.5059134056945,
              59.858473785412436
            ],
            [
              27.497386104379444,
              59.8624029628746
            ],
            [
              27.48821023168649,
              59.86594346961926
            ],
            [
              27.478455621547376,
              59.86906836025229
            ],
            [
              27.468196512435252,
              59.871753852469105
            ],
            [
              27.457510982365083,
              59.87397950805239
            ],
            [
              27.446480354672804,
              59.87572838841927
            ],
            [
              27.435188579095627,
              59.87698718353414
            ],
            [
              27.423721592863856,
              59.87774631320611
            ],
            [
              27.412166666666668,
              59.878
            ],
            [
              27.40061174046948,
              59.87774631320611
            ],
            [
              27.38914475423771,
              59.87698718353414
            ],
            [
              27.37785297866053,
              59.87572838841927
            ],
            [
              27.366822350968253,
              59.87397950805239
            ],
            [
              27.356136820898083,
              59.871753852469105
            ],
            [
              27.34587771178596,
              59.86906836025229
            ],
            [
              27.336123101646844,
              59.86594346961926
            ],
            [
              27.32694722895389,
              59.8624029628746
            ],
            [
              27.318419927638836,
              59.858473785412436
            ],
            [
              27.310606095613608,
              59.85418584064577
            ],
            [
              27.303565200858046,
              59.8495717624234
            ],
            [
              27.29735082883264,
              59.84466666666666
            ],
            [
              27.292010274660857,
              59.839507884116045
            ],
            [
              27.28758418318465,
              59.83413467622171
            ],
            [
              27.2841062396327,
              59.82858793634016
            ],
            [
              27.281602913255476,
              59.822909878511126
            ],
            [
              27.280093255878263,
              59.817143716183175
            ],
            [
              27.279588756905255,
              59.81133333333333
            ],
            [
              27.280093255878263,
              59.805522950483486
            ],
            [
              27.281602913255476,
              59.799756788155534
            ],
            [
              27.2841062396327,
              59.7940787303265
            ],
            [
              27.28758418318465,
              59.78853199044495
            ],
            [
              27.292010274660857,
              59.783158782550615
            ],
            [
              27.29735082883264,
              59.778
            ],
            [
              27.303565200858046,
              59.77309490424326
            ],
            [
              27.310606095613608,
              59.76848082602089
            ],
            [
              27.318419927638836,
              59.764192881254225
            ],
            [
              27.32694722895389,
              59.76026370379206
            ],
            [
              27.336123101646844,
              59.7567231970474
            ],
            [
              27.34587771178596,
              59.75359830641437
            ],
            [
              27.356136820898083,
              59.750912814197555
            ],
            [
              27.366822350968253,
              59.74868715861427
            ],
            [
              27.37785297866053,
              59.74693827824739
            ],
            [
              27.38914475423771,
              59.74567948313252
            ],
            [
              27.40061174046948,
              59.74492035346055
            ],
            [
              27.412166666666668,
              59.74466666666666
            ],
            [
              27.423721592863856,
              59.74492035346055
            ],
            [
              27.435188579095627,
              59.74567948313252
            ],
            [
              27.446480354672804,
              59.74693827824739
            ],
            [
              27.457510982365083,
              59.74868715861427
            ],
            [
              27.468196512435252,
              59.750912814197555
            ],
            [
              27.478455621547376,
              59.75359830641437
            ],
            [
              27.48821023168649,
              59.7567231970474
            ],
            [
              27.497386104379444,
              59.76026370379206
            ],
            [
              27.5059134056945,
              59.764192881254225
            ],
            [
              27.513727237719728,
              59.76848082602089
            ],
            [
              27.52076813247529,
              59.77309490424326
            ],
            [
              27.526982504500694,
              59.778
            ],
            [
              27.53232305867248,
              59.783158782550615
            ],
            [
              27.536749150148687,
              59.78853199044495
            ],
            [
              27.540227093700636,
              59.7940787303265
            ],
            [
              27.54273042007786,
              59.799756788155534
            ],
            [
              27.544240077455072,
              59.805522950483486
            ],
            [
              27.54474457642808,
              59.81133333333333
            ]
          ]
        ]
      },
      "properties": {
        "dtg": "2026-06-23T09:17:00",
        "raw_dtg": "230917Z JUN 26",
        "msg_id": "PETERSBURG NAV WARN 121/26",
        "year": 2026,
        "cancellations": [],
        "hazard_type": "general",
        "category": "other",
        "title": "General Warning",
        "geometry_kind": "circle",
        "radius_nm": 4.0,
        "body": "[Gulf of Finland] PETERSBURG NAV WARN 121/26\n230906 UTC JUN\nPETERSBURG NAV WARN 121/26\nEASTERN GULF OF FINLAND\nAREAS TEMPORARILY DANGEROUS FOR SHIPPING ANCHORING\nAND OTHER GROUND TOUCH WORKS IN CONNECTION WITH DETECTION\nOF MINE-LIKE OBJECT 4 MILE RADIUS FROM\nPSN:59-48.68N 027-24.73E AND 59-49.69N 027-24.73E",
        "cancel_date": null,
        "valid_from": "2026-06-23T09:17:00+00:00",
        "valid_until": null,
        "corrections": [],
        "summary": null
      }
    },
    {
      "type": "Feature",
      "id": "PETERSBURG NAV WARN 151/26",
      "geometry": {
        "type": "Polygon",
        "coordinates": [
          [
            [
              29.0,
              60.141666666666666
            ],
            [
              29.25,
              60.141666666666666
            ],
            [
              29.25,
              60.05833333333333
            ],
            [
              29.0,
              60.05833333333333
            ],
            [
              29.0,
              60.141666666666666
            ]
          ]
        ]
      },
      "properties": {
        "dtg": "2026-07-31T21:00:00",
        "raw_dtg": "312100Z JUL 26",
        "msg_id": "PETERSBURG NAV WARN 151/26",
        "year": 2026,
        "cancellations": [],
        "hazard_type": "general",
        "category": "other",
        "title": "General Warning",
        "geometry_kind": "polygon",
        "radius_nm": null,
        "body": "[Gulf of Finland] PETERSBURG NAV WARN 151/26\nEASTERN GULF OF FINLAND\n1. SHIPS EXERCISES 312100 UTC JUL THRU 312100 UTC AUG\nIN AREA TEMPORARILY DANGEROUS TO SHIPPING KR-105\n60-08.50N 029-00.00E 60-08.50N 029-15.00E\n60-03.50N 029-15.00E 60-03.50N 029-00.00E\n2. CANCEL THIS MESSAGE 312200 UTC AUG=",
        "cancel_date": null,
        "valid_from": "2026-07-31T21:00:00+00:00",
        "valid_until": "2026-08-31T22:00:00+00:00",
        "corrections": [],
        "summary": null
      }
    },
    {
      "type": "Feature",
      "id": "PETERSBURG NAV WARN 152/26",
      "geometry": {
        "type": "Polygon",
        "coordinates": [
          [
            [
              28.761666666666667,
              60.17166666666667
            ],
            [
              28.91,
              60.17166666666667
            ],
            [
              28.91,
              60.06666666666667
            ],
            [
              28.566666666666666,
              60.06666666666667
            ],
            [
              28.566666666666666,
              60.11666666666667
            ],
            [
              28.761666666666667,
              60.17166666666667
            ]
          ]
        ]
      },
      "properties": {
        "dtg": "2026-07-31T21:00:00",
        "raw_dtg": "312100Z JUL 26",
        "msg_id": "PETERSBURG NAV WARN 152/26",
        "year": 2026,
        "cancellations": [],
        "hazard_type": "general",
        "category": "other",
        "title": "General Warning",
        "geometry_kind": "polygon",
        "radius_nm": null,
        "body": "[Gulf of Finland] PETERSBURG NAV WARN 152/26\nEASTERN GULF OF FINLAND\n1. SHIPS EXERCISES 312100 UTC JUL THRU 312100 UTC AUG\nIN AREA TEMPORARILY DANGEROUS TO SHIPPING KR-107\n60-10.30N 028-45.70E 60-10.30N 028-54.60E\n60-04.00N 028-54.60E 60-04.00N 028-34.00E\n60-07.00N 028-34.00E\n2. CANCEL THIS MESSAGE 312200 UTC AUG=",
        "cancel_date": null,
        "valid_from": "2026-07-31T21:00:00+00:00",
        "valid_until": "2026-08-31T22:00:00+00:00",
        "corrections": [],
        "summary": null
      }
    },
    {
      "type": "Feature",
      "id": "PETERSBURG NAV WARN 153/26",
      "geometry": {
        "type": "Polygon",
        "coordinates": [
          [
            [
              27.043333333333333,
              60.105
            ],
            [
              27.125,
              60.125
            ],
            [
              27.191666666666666,
              60.06
            ],
            [
              27.108333333333334,
              60.03666666666667
            ],
            [
              27.043333333333333,
              60.105
            ]
          ]
        ]
      },
      "properties": {
        "dtg": "2026-07-31T21:00:00",
        "raw_dtg": "312100Z JUL 26",
        "msg_id": "PETERSBURG NAV WARN 153/26",
        "year": 2026,
        "cancellations": [],
        "hazard_type": "general",
        "category": "other",
        "title": "General Warning",
        "geometry_kind": "polygon",
        "radius_nm": null,
        "body": "[Gulf of Finland] PETERSBURG NAV WARN 153/26\nEASTERN GULF OF FINLAND\n1. SHIPS EXERCISES 312100 UTC JUL THRU 312100 UTC AUG\nIN AREA TEMPORARILY DANGEROUS TO SHIPPING KR-114\n60-06.30N 027-02.60E 60-07.50N 027-07.50E\n60-03.60N 027-11.50E 60-02.20N 027-06.50E\n2. CANCEL THIS MESSAGE 312200 UTC AUG=",
        "cancel_date": null,
        "valid_from": "2026-07-31T21:00:00+00:00",
        "valid_until": "2026-08-31T22:00:00+00:00",
        "corrections": [],
        "summary": null
      }
    },
    {
      "type": "Feature",
      "id": "PETERSBURG NAV WARN 154/26",
      "geometry": {
        "type": "Polygon",
        "coordinates": [
          [
            [
              27.089166666666667,
              59.8905
            ],
            [
              27.1605,
              59.8905
            ],
            [
              27.1605,
              59.773833333333336
            ],
            [
              27.089166666666667,
              59.773833333333336
            ],
            [
              27.089166666666667,
              59.8905
            ]
          ]
        ]
      },
      "properties": {
        "dtg": "2026-07-31T21:00:00",
        "raw_dtg": "312100Z JUL 26",
        "msg_id": "PETERSBURG NAV WARN 154/26",
        "year": 2026,
        "cancellations": [],
        "hazard_type": "general",
        "category": "other",
        "title": "General Warning",
        "geometry_kind": "polygon",
        "radius_nm": null,
        "body": "[Gulf of Finland] PETERSBURG NAV WARN 154/26\nEASTERN GULF OF FINLAND\n1. SHIPS EXERCISES 312100 UTC JUL THRU 312100 UTC AUG\nIN AREA TEMPORARILY DANGEROUS TO SHIPPING\n59-53.43N 027-05.35E 59-53.43N 027-09.63E\n59-46.43N 027-09.63E 59-46.43N 027-05.35E\n2. CANCEL THIS MESSAGE 312200 UTC AUG=",
        "cancel_date": null,
        "valid_from": "2026-07-31T21:00:00+00:00",
        "valid_until": "2026-08-31T22:00:00+00:00",
        "corrections": [],
        "summary": null
      }
    },
    {
      "type": "Feature",
      "id": "PETERSBURG NAV WARN 155/26",
      "geometry": {
        "type": "Polygon",
        "coordinates": [
          [
            [
              27.275,
              60.00833333333333
            ],
            [
              27.566666666666666,
              60.09
            ],
            [
              27.8,
              59.88333333333333
            ],
            [
              27.516666666666666,
              59.8
            ],
            [
              27.275,
              60.00833333333333
            ]
          ]
        ]
      },
      "properties": {
        "dtg": "2026-07-30T20:50:00",
        "raw_dtg": "302050Z JUL 26",
        "msg_id": "PETERSBURG NAV WARN 155/26",
        "year": 2026,
        "cancellations": [],
        "hazard_type": "general",
        "category": "other",
        "title": "General Warning",
        "geometry_kind": "polygon",
        "radius_nm": null,
        "body": "[Gulf of Finland] PETERSBURG NAV WARN 155/26\nEASTERN GULF OF FINLAND\nSHIPS EXERCISES 312100 UTC JUL THRU 312100 UTC AUG\nIN AREA TEMPORARILY DANGEROUS TO SHIPPING\n60-00.50N 027-16.50E 60-05.40N 027-34.00E\n59-53.00N 027-48.00E 59-48.00N 027-31.00E\nCANCEL THIS MESSAGE 312200 UTC AUG",
        "cancel_date": null,
        "valid_from": "2026-07-30T20:50:00+00:00",
        "valid_until": "2026-08-31T22:00:00+00:00",
        "corrections": [],
        "summary": null
      }
    },
    {
      "type": "Feature",
      "id": "POLISH NAV WARN 182/26",
      "geometry": {
        "type": "Point",
        "coordinates": [
          16.609833333333334,
          54.6545
        ]
      },
      "properties": {
        "dtg": "2026-08-17T06:00:00",
        "raw_dtg": "170600Z AUG 26",
        "msg_id": "POLISH NAV WARN 182/26",
        "year": 2026,
        "cancellations": [],
        "hazard_type": "general",
        "category": "other",
        "title": "General Warning",
        "geometry_kind": "point",
        "radius_nm": null,
        "body": "[South-eastern Baltic] POLISH NAV WARN 182/26\nSOUTHERN BALTIC. POLISH COAST\nDUE TO MILITARY EXERCISES ZONE IS CLOSED FOR SHIPPING AND FISHERY:\nS-6 CENTERED 54-39.27N 016-36.59E\nON 2026-08-17 FROM 06:00 TO 21:59\nON 2026-08-18 FROM 06:00 TO 21:59\nON 2026-08-19 FROM 06:00 TO 21:59\nON 2026-08-20 FROM 06:00 TO 21:59\nON 2026-08-21 FROM 06:00 TO 21:59\nON 2026-08-22 FROM 06:00 TO 21:59\nTIME IN UTC.\nZONE IS CLOSED\nCANCEL THIS MSG 222159 UTC AUG",
        "cancel_date": null,
        "valid_from": "2026-08-17T06:00:00+00:00",
        "valid_until": "2026-08-22T21:59:00+00:00",
        "corrections": [],
        "summary": null
      }
    },
    {
      "type": "Feature",
      "id": "POLISH NAV WARN 188/26",
      "geometry": {
        "type": "Point",
        "coordinates": [
          16.609833333333334,
          54.6545
        ]
      },
      "properties": {
        "dtg": "2026-08-20T07:51:00",
        "raw_dtg": "200751Z AUG 26",
        "msg_id": "POLISH NAV WARN 188/26",
        "year": 2026,
        "cancellations": [],
        "hazard_type": "general",
        "category": "other",
        "title": "General Warning",
        "geometry_kind": "point",
        "radius_nm": null,
        "body": "[Southern Baltic] POLISH NAV WARN 188/26\nSOUTH-EASTERN BALTIC. POLISH COAST\nDUE TO MILITARY EXERCISES ZONE IS CLOSED FOR SHIPPING AND FISHERY:\nS-6 CENTERED 54-39.27N 016-36.59E\nON 2026-08-24 FROM 06:00 TO 21:59\nON 2026-08-25 FROM 06:00 TO 21:59\nON 2026-08-26 FROM 06:00 TO 21:59\nON 2026-08-27 FROM 06:00 TO 21:59\nON 2026-08-28 FROM 06:00 TO 21:59\nON 2026-08-29 FROM 06:00 TO 12:00\nTIME IN UTC.\nZONE IS CLOSED\nCANCEL THIS MSG 291200 UTC AUG",
        "cancel_date": null,
        "valid_from": "2026-08-20T07:51:00+00:00",
        "valid_until": "2026-08-29T12:00:00+00:00",
        "corrections": [],
        "summary": null
      }
    },
    {
      "type": "Feature",
      "id": "PRIP ARKHANGELSK 87/26",
      "geometry": {
        "type": "Polygon",
        "coordinates": [
          [
            [
              34.983333333333334,
              65.88333333333334
            ],
            [
              35.85,
              66.35
            ],
            [
              39.766666666666666,
              65.56666666666666
            ],
            [
              40.1,
              65.06666666666666
            ],
            [
              39.36666666666667,
              64.63333333333334
            ],
            [
              34.983333333333334,
              65.88333333333334
            ]
          ]
        ]
      },
      "properties": {
        "dtg": "2026-08-18T02:10:32.057781+00:00",
        "raw_dtg": "ПРИП АРХАНГЕЛЬСК 87/26 КАРТА 91306 ЮЖНАЯ ЧАСТЬ БЕЛОГО МОРЯ",
        "msg_id": "PRIP ARKHANGELSK 87/26",
        "year": 2026,
        "cancellations": [],
        "hazard_type": "hazardous operations",
        "category": "military",
        "title": "Hazardous Operations",
        "geometry_kind": "polygon",
        "radius_nm": null,
        "body": "ПРИП АРХАНГЕЛЬСК 87 КАРТА 91306\nЮЖНАЯ ЧАСТЬ БЕЛОГО МОРЯ\n1. СТРЕЛЬБЫ РАКЕТНЫЕ 20 И 21 АВГ 0200 ДО 1300\nРАЙОНЕ ЗАПРЕТНОМ ДЛЯ ПЛАВАНИЯ\n65-53.0С 034-59.0В\n66-21.0С 035-51.0В\n65-34.0С 039-46.0В\nДАЛЕЕ ПО БЕРЕГОВОЙ ЛИНИИ ДО\n65-04.0С 040-06.0В\n64-38.0С 039-22.0В\n2. ОТМ ЭТОТ НР 211400 АВГ=\n141600 МСК ГС-",
        "cancel_date": null,
        "valid_from": "2026-08-18T02:10:32.057781+00:00",
        "valid_until": "2026-08-21T14:00:00+00:00",
        "corrections": [],
        "summary": null
      }
    },
    {
      "type": "Feature",
      "id": "PRIP ARKHANGELSK 88/26",
      "geometry": {
        "type": "Polygon",
        "coordinates": [
          [
            [
              40.98833333333333,
              67.54
            ],
            [
              44.016666666666666,
              67.585
            ],
            [
              40.083333333333336,
              65.06666666666666
            ],
            [
              39.36666666666667,
              64.63333333333334
            ],
            [
              37.355,
              65.1025
            ],
            [
              37.925,
              66.08333333333333
            ],
            [
              40.98833333333333,
              67.54
            ]
          ]
        ]
      },
      "properties": {
        "dtg": "2026-08-19T02:12:51.595660+00:00",
        "raw_dtg": "ПРИП АРХАНГЕЛЬСК 88/26  КАРТА 91306 БЕЛОЕ МОРЕ",
        "msg_id": "PRIP ARKHANGELSK 88/26",
        "year": 2026,
        "cancellations": [],
        "hazard_type": "hazardous operations",
        "category": "military",
        "title": "Hazardous Operations",
        "geometry_kind": "polygon",
        "radius_nm": null,
        "body": "ПРИП АРХАНГЕЛЬСК 88 КАРТА 91306\nБЕЛОЕ МОРЕ\n1. СТРЕЛЬБЫ РАКЕТНЫЕ 22 И 23 АВГ 0200 ДО 1300\nРАЙОНЕ ЗАПРЕТНОМ ДЛЯ ПЛАВАНИЯ\n67-32.40С 040-59.30В\n67-35.10С 044-01.00В\nДАЛЕЕ ПО БЕРЕГОВОЙ ЛИНИИ ДО\n65-04.00С 040-05.00В\n64-38.00С 039-22.00В\n65-06.15С 037-21.30В\n66-05.00С 037-55.50В\nДАЛЕЕ ПО БЕРЕГОВОЙ ЛИНИИ ДО\n67-32.40С 040-59.30В \nИСКЛЮЧАЯ ОСТРОВ МОРЖОВЕЦ\n2. ОТМ ЭТОТ НР 231400 АВГ=\n181500 МСК ГС-",
        "cancel_date": null,
        "valid_from": "2026-08-19T02:12:51.595660+00:00",
        "valid_until": "2026-08-23T14:00:00+00:00",
        "corrections": [],
        "summary": null
      }
    },
    {
      "type": "Feature",
      "id": "PRIP ARKHANGELSK 89/26",
      "geometry": {
        "type": "Polygon",
        "coordinates": [
          [
            [
              34.983333333333334,
              65.88333333333334
            ],
            [
              35.85,
              66.35
            ],
            [
              39.766666666666666,
              65.56666666666666
            ],
            [
              40.1,
              65.06666666666666
            ],
            [
              39.36666666666667,
              64.63333333333334
            ],
            [
              34.983333333333334,
              65.88333333333334
            ]
          ]
        ]
      },
      "properties": {
        "dtg": "2026-08-19T02:12:51.595292+00:00",
        "raw_dtg": "ПРИП АРХАНГЕЛЬСК 89/26 КАРТА 91306 ЮЖНАЯ ЧАСТЬ БЕЛОГО МОРЯ",
        "msg_id": "PRIP ARKHANGELSK 89/26",
        "year": 2026,
        "cancellations": [],
        "hazard_type": "hazardous operations",
        "category": "military",
        "title": "Hazardous Operations",
        "geometry_kind": "polygon",
        "radius_nm": null,
        "body": "ПРИП АРХАНГЕЛЬСК 89 КАРТА 91306\nЮЖНАЯ ЧАСТЬ БЕЛОГО МОРЯ\n1. СТРЕЛЬБЫ РАКЕТНЫЕ 24 И 25 АВГ 0200 ДО 1300\nРАЙОНЕ ЗАПРЕТНОМ ДЛЯ ПЛАВАНИЯ\n65-53.0С 034-59.0В\n66-21.0С 035-51.0В\n65-34.0С 039-46.0В\nДАЛЕЕ ПО БЕРЕГОВОЙ ЛИНИИ ДО\n65-04.0С 040-06.0В\n64-38.0С 039-22.0В\n2. ОТМ ЭТОТ НР 251400 АВГ=\n181500 МСК ГС-",
        "cancel_date": null,
        "valid_from": "2026-08-19T02:12:51.595292+00:00",
        "valid_until": "2026-08-25T14:00:00+00:00",
        "corrections": [],
        "summary": null
      }
    },
    {
      "type": "Feature",
      "id": "PRIP MURMANSK 198/26",
      "geometry": {
        "type": "Polygon",
        "coordinates": [
          [
            [
              33.03055555555555,
              68.97500000000001
            ],
            [
              33.03777777777778,
              68.97500000000001
            ],
            [
              33.0375,
              68.9738888888889
            ],
            [
              33.025555555555556,
              68.95833333333334
            ],
            [
              33.01166666666666,
              68.95833333333334
            ],
            [
              33.03055555555555,
              68.97500000000001
            ]
          ]
        ]
      },
      "properties": {
        "dtg": "2026-05-29T01:36:28.936392+00:00",
        "raw_dtg": "ПРИП МУРМАНСК 198/26 КАРТА 17055\r\nКОЛЬСКИЙ ЗАЛИВ",
        "msg_id": "PRIP MURMANSK 198/26",
        "year": 2026,
        "cancellations": [],
        "hazard_type": "general",
        "category": "other",
        "title": "General Warning",
        "geometry_kind": "polygon",
        "radius_nm": null,
        "body": "1. ГИДРОТЕХНИЧЕСКИЕ РАБОТЫ ПО ОЧИСТКЕ АКВАТОРИИ\n29 МАЙ ПО 30 НОЯБ С УСТАНОВКОЙ ВСПОМОГАТЕЛЬНОГО\nПЕРЕМЕЩАЕМОГО РЕЙДОВОГО ОБОРУДОВАНИЯ РАЙОНЕ\n68-58-30С 033-01-50В\n68-58-30С 033-02-16В\n68-58-26С 033-02-15В\n68-57-30С 033-01-32В\n68-57-30С 033-00-42В\nДАЛЕЕ ПО БЕРЕГОВОЙ ЛИНИИ ДО\n68-58-30С 033-01-50В\nПРИ ПЛАВАНИИ СОБЛЮДАТЬ ОСТОРОЖНОСТЬ\n2. ОТМ ЭТОТ НР 01 ДЕК=\n281000 МСК  ГС-",
        "cancel_date": null,
        "valid_from": "2026-05-29T01:36:28.936392+00:00",
        "valid_until": "2026-12-01T00:00:00+00:00",
        "corrections": [],
        "summary": null
      }
    },
    {
      "type": "Feature",
      "id": "PRIP MURMANSK 264/26#grp1",
      "geometry": {
        "type": "LineString",
        "coordinates": [
          [
            55.666666666666664,
            70.63333333333334
          ],
          [
            55.21666666666667,
            70.55
          ],
          [
            53.35,
            70.66666666666667
          ],
          [
            51.0,
            71.58333333333333
          ],
          [
            51.56666666666667,
            71.63333333333334
          ]
        ]
      },
      "properties": {
        "parent_id": "PRIP MURMANSK 264/26",
        "group_index": 1,
        "dtg": "2026-07-24T04:00:45.788355+00:00",
        "raw_dtg": "ПРИП МУРМАНСК 264/26 ПРИП МУРМАНСК 264 КАРТЫ 10100 10103\r\n\r\nБАРЕНЦЕВО И КАРСКОЕ МОРЯ",
        "year": 2026,
        "hazard_type": "general",
        "category": "other",
        "title": "General Warning",
        "body": "1.ЗАПРЕТНЫЕ ПЛАВАНИЯ ВСЕХ СУДОВ 23 ИЮЛЬ ПО 22 АВГ\nКРУГЛОСУТОЧНО РАЙОНЫ\nА. РАЙОН НР 191 МЕЖДУ БЕРЕГОМ И\n70-38.0С 055-40.0В\n70-33.0С 055-13.0В\n70-40.0С 053-21.0В\n71-35.0С 051-00.0В\n71-38.0С 051-34.0В\nБ. РАЙОН НР 192 МЕЖДУ БЕРЕГОМ И\n72-43.0С 052-25.0В\n72-44.0С 051-45.0В\n73-29.0С 053-20.0В\n73-46.0С 053-20.0В\n74-18.0С 054-40.0В\n75-21.0С 055-42.0В\n76-24.0С 060-45.0В\n76-16.0С 061-10.0В\nВ. РАЙОН НР 193 МЕЖДУ БЕРЕГОМ И\n75-35.0С 063-27.0В\n75-28.0С 063-50.0В\n75-10.0С 062-05.0В\n74-15.0С 059-40.0В\n73-18.0С 057-30.0В\n72-39.0С 056-38.0В\n72-40.0С 055-56.0В\nГ. РАЙОН НР 194 МЕЖДУ БЕРЕГОМ И\n72-00.0С 055-24.0В\n70-55.0С 056-52.0В\n2. ОТМ ЭТОТ НР 23 АВГ=\n221000 МСК  ГС-",
        "cancel_date": null,
        "valid_from": "2026-07-24T04:00:45.788355+00:00",
        "valid_until": "2026-08-23T00:00:00+00:00",
        "corrections": [],
        "summary": null
      }
    },
    {
      "type": "Feature",
      "id": "PRIP MURMANSK 264/26#grp2",
      "geometry": {
        "type": "LineString",
        "coordinates": [
          [
            52.416666666666664,
            72.71666666666667
          ],
          [
            51.75,
            72.73333333333333
          ],
          [
            53.333333333333336,
            73.48333333333333
          ],
          [
            53.333333333333336,
            73.76666666666667
          ],
          [
            54.666666666666664,
            74.3
          ],
          [
            55.7,
            75.35
          ],
          [
            60.75,
            76.4
          ],
          [
            61.166666666666664,
            76.26666666666667
          ]
        ]
      },
      "properties": {
        "parent_id": "PRIP MURMANSK 264/26",
        "group_index": 2,
        "dtg": "2026-07-24T04:00:45.788355+00:00",
        "raw_dtg": "ПРИП МУРМАНСК 264/26 ПРИП МУРМАНСК 264 КАРТЫ 10100 10103\r\n\r\nБАРЕНЦЕВО И КАРСКОЕ МОРЯ",
        "year": 2026,
        "hazard_type": "general",
        "category": "other",
        "title": "General Warning",
        "body": "1.ЗАПРЕТНЫЕ ПЛАВАНИЯ ВСЕХ СУДОВ 23 ИЮЛЬ ПО 22 АВГ\nКРУГЛОСУТОЧНО РАЙОНЫ\nА. РАЙОН НР 191 МЕЖДУ БЕРЕГОМ И\n70-38.0С 055-40.0В\n70-33.0С 055-13.0В\n70-40.0С 053-21.0В\n71-35.0С 051-00.0В\n71-38.0С 051-34.0В\nБ. РАЙОН НР 192 МЕЖДУ БЕРЕГОМ И\n72-43.0С 052-25.0В\n72-44.0С 051-45.0В\n73-29.0С 053-20.0В\n73-46.0С 053-20.0В\n74-18.0С 054-40.0В\n75-21.0С 055-42.0В\n76-24.0С 060-45.0В\n76-16.0С 061-10.0В\nВ. РАЙОН НР 193 МЕЖДУ БЕРЕГОМ И\n75-35.0С 063-27.0В\n75-28.0С 063-50.0В\n75-10.0С 062-05.0В\n74-15.0С 059-40.0В\n73-18.0С 057-30.0В\n72-39.0С 056-38.0В\n72-40.0С 055-56.0В\nГ. РАЙОН НР 194 МЕЖДУ БЕРЕГОМ И\n72-00.0С 055-24.0В\n70-55.0С 056-52.0В\n2. ОТМ ЭТОТ НР 23 АВГ=\n221000 МСК  ГС-",
        "cancel_date": null,
        "valid_from": "2026-07-24T04:00:45.788355+00:00",
        "valid_until": "2026-08-23T00:00:00+00:00",
        "corrections": [],
        "summary": null
      }
    },
    {
      "type": "Feature",
      "id": "PRIP MURMANSK 264/26#grp3",
      "geometry": {
        "type": "LineString",
        "coordinates": [
          [
            63.45,
            75.58333333333333
          ],
          [
            63.833333333333336,
            75.46666666666667
          ],
          [
            62.083333333333336,
            75.16666666666667
          ],
          [
            59.666666666666664,
            74.25
          ],
          [
            57.5,
            73.3
          ],
          [
            56.63333333333333,
            72.65
          ],
          [
            55.93333333333333,
            72.66666666666667
          ]
        ]
      },
      "properties": {
        "parent_id": "PRIP MURMANSK 264/26",
        "group_index": 3,
        "dtg": "2026-07-24T04:00:45.788355+00:00",
        "raw_dtg": "ПРИП МУРМАНСК 264/26 ПРИП МУРМАНСК 264 КАРТЫ 10100 10103\r\n\r\nБАРЕНЦЕВО И КАРСКОЕ МОРЯ",
        "year": 2026,
        "hazard_type": "general",
        "category": "other",
        "title": "General Warning",
        "body": "1.ЗАПРЕТНЫЕ ПЛАВАНИЯ ВСЕХ СУДОВ 23 ИЮЛЬ ПО 22 АВГ\nКРУГЛОСУТОЧНО РАЙОНЫ\nА. РАЙОН НР 191 МЕЖДУ БЕРЕГОМ И\n70-38.0С 055-40.0В\n70-33.0С 055-13.0В\n70-40.0С 053-21.0В\n71-35.0С 051-00.0В\n71-38.0С 051-34.0В\nБ. РАЙОН НР 192 МЕЖДУ БЕРЕГОМ И\n72-43.0С 052-25.0В\n72-44.0С 051-45.0В\n73-29.0С 053-20.0В\n73-46.0С 053-20.0В\n74-18.0С 054-40.0В\n75-21.0С 055-42.0В\n76-24.0С 060-45.0В\n76-16.0С 061-10.0В\nВ. РАЙОН НР 193 МЕЖДУ БЕРЕГОМ И\n75-35.0С 063-27.0В\n75-28.0С 063-50.0В\n75-10.0С 062-05.0В\n74-15.0С 059-40.0В\n73-18.0С 057-30.0В\n72-39.0С 056-38.0В\n72-40.0С 055-56.0В\nГ. РАЙОН НР 194 МЕЖДУ БЕРЕГОМ И\n72-00.0С 055-24.0В\n70-55.0С 056-52.0В\n2. ОТМ ЭТОТ НР 23 АВГ=\n221000 МСК  ГС-",
        "cancel_date": null,
        "valid_from": "2026-07-24T04:00:45.788355+00:00",
        "valid_until": "2026-08-23T00:00:00+00:00",
        "corrections": [],
        "summary": null
      }
    },
    {
      "type": "Feature",
      "id": "PRIP MURMANSK 264/26#grp4",
      "geometry": {
        "type": "LineString",
        "coordinates": [
          [
            55.4,
            72.0
          ],
          [
            56.86666666666667,
            70.91666666666667
          ]
        ]
      },
      "properties": {
        "parent_id": "PRIP MURMANSK 264/26",
        "group_index": 4,
        "dtg": "2026-07-24T04:00:45.788355+00:00",
        "raw_dtg": "ПРИП МУРМАНСК 264/26 ПРИП МУРМАНСК 264 КАРТЫ 10100 10103\r\n\r\nБАРЕНЦЕВО И КАРСКОЕ МОРЯ",
        "year": 2026,
        "hazard_type": "general",
        "category": "other",
        "title": "General Warning",
        "body": "1.ЗАПРЕТНЫЕ ПЛАВАНИЯ ВСЕХ СУДОВ 23 ИЮЛЬ ПО 22 АВГ\nКРУГЛОСУТОЧНО РАЙОНЫ\nА. РАЙОН НР 191 МЕЖДУ БЕРЕГОМ И\n70-38.0С 055-40.0В\n70-33.0С 055-13.0В\n70-40.0С 053-21.0В\n71-35.0С 051-00.0В\n71-38.0С 051-34.0В\nБ. РАЙОН НР 192 МЕЖДУ БЕРЕГОМ И\n72-43.0С 052-25.0В\n72-44.0С 051-45.0В\n73-29.0С 053-20.0В\n73-46.0С 053-20.0В\n74-18.0С 054-40.0В\n75-21.0С 055-42.0В\n76-24.0С 060-45.0В\n76-16.0С 061-10.0В\nВ. РАЙОН НР 193 МЕЖДУ БЕРЕГОМ И\n75-35.0С 063-27.0В\n75-28.0С 063-50.0В\n75-10.0С 062-05.0В\n74-15.0С 059-40.0В\n73-18.0С 057-30.0В\n72-39.0С 056-38.0В\n72-40.0С 055-56.0В\nГ. РАЙОН НР 194 МЕЖДУ БЕРЕГОМ И\n72-00.0С 055-24.0В\n70-55.0С 056-52.0В\n2. ОТМ ЭТОТ НР 23 АВГ=\n221000 МСК  ГС-",
        "cancel_date": null,
        "valid_from": "2026-07-24T04:00:45.788355+00:00",
        "valid_until": "2026-08-23T00:00:00+00:00",
        "corrections": [],
        "summary": null
      }
    },
    {
      "type": "Feature",
      "id": "PRIP MURMANSK 270/26",
      "geometry": {
        "type": "Point",
        "coordinates": [
          34.556666666666665,
          69.31833333333333
        ]
      },
      "properties": {
        "dtg": "2026-07-31T04:16:06.206997+00:00",
        "raw_dtg": "ПРИП МУРМАНСК 270/26 ПРИП МУРМАНСК 270 КАРТА 12000\r\n\r\nВОСТОЧНЕЕ ОСТРОВА КИЛЬДИН",
        "msg_id": "PRIP MURMANSK 270/26",
        "year": 2026,
        "cancellations": [],
        "hazard_type": "general",
        "category": "other",
        "title": "General Warning",
        "geometry_kind": "point",
        "radius_nm": null,
        "body": "1. ЗАПРЕТНЫЙ ПЛАВАНИЯ ВСЕХ СУДОВ 01 ПО 31 АВГ\nКРУГЛОСУТОЧНО РАЙОН РАДИУСОМ 1000 МЕТРОВ\nИЗ 69-19.1С 034-33.4В\n2. ОТМ ЭТОТ НР 01 СЕНТ=\n301000 МСК  ГС-",
        "cancel_date": null,
        "valid_from": "2026-07-31T04:16:06.206997+00:00",
        "valid_until": "2026-09-01T00:00:00+00:00",
        "corrections": [],
        "summary": null
      }
    },
    {
      "type": "Feature",
      "id": "PRIP MURMANSK 271/26",
      "geometry": {
        "type": "Polygon",
        "coordinates": [
          [
            [
              34.78333333333333,
              69.46666666666667
            ],
            [
              35.175,
              69.46666666666667
            ],
            [
              35.175,
              69.35833333333333
            ],
            [
              34.78333333333333,
              69.35833333333333
            ],
            [
              34.78333333333333,
              69.46666666666667
            ]
          ]
        ]
      },
      "properties": {
        "dtg": "2026-07-31T04:16:06.206528+00:00",
        "raw_dtg": "ПРИП МУРМАНСК 271/26 ПРИП МУРМАНСК 271 КАРТА 12000\r\n\r\nБАРЕНЦЕВО МОРЕ",
        "msg_id": "PRIP MURMANSK 271/26",
        "year": 2026,
        "cancellations": [],
        "hazard_type": "general",
        "category": "other",
        "title": "General Warning",
        "geometry_kind": "polygon",
        "radius_nm": null,
        "body": "1. УЧЕБНЫЕ УПРАЖНЕНИЯ ВМФ 01 ПО 31 АВГ\nКРУГЛОСУТОЧНО РАЙОНЕ ЗАПРЕТНОМ ДЛЯ ПЛАВАНИЯ\n69-28.0С 034-47.0В\n69-28.0С 035-10.5В\n69-21.5С 035-10.5В\n69-21.5С 034-47.0В\n2. ОТМ ЭТОТ НР 01 СЕНТ=\n301000 МСК  ГС-",
        "cancel_date": null,
        "valid_from": "2026-07-31T04:16:06.206528+00:00",
        "valid_until": "2026-09-01T00:00:00+00:00",
        "corrections": [],
        "summary": null
      }
    },
    {
      "type": "Feature",
      "id": "PRIP MURMANSK 272/26",
      "geometry": {
        "type": "LineString",
        "coordinates": [
          [
            31.1,
            69.975
          ],
          [
            31.2,
            69.975
          ],
          [
            30.91,
            69.78666666666666
          ],
          [
            30.828333333333333,
            69.79
          ],
          [
            30.826666666666668,
            69.79833333333333
          ]
        ]
      },
      "properties": {
        "dtg": "2026-07-31T04:16:06.205752+00:00",
        "raw_dtg": "ПРИП МУРМАНСК 272/26 ПРИП МУРМАНСК 272 КАРТА 12000\r\n\r\nЗАЛИВ ВАРАНГЕР-ФЬОРД",
        "msg_id": "PRIP MURMANSK 272/26",
        "year": 2026,
        "cancellations": [],
        "hazard_type": "general",
        "category": "other",
        "title": "General Warning",
        "geometry_kind": "linestring",
        "radius_nm": null,
        "body": "1. ЗАПРЕТНЫЙ ПЛАВАНИЯ ВСЕХ СУДОВ 01 ПО 31 АВГ\nКРУГЛОСУТОЧНО РАЙОН\n69-58.5С 031-06.0В\n69-58.5С 031-12.0В\n69-47.2С 030-54.6В\nДАЛЕЕ ПО БЕРЕГОВОЙ ЛИНИИ ДО\n69-47.4С 030-49.7В\n69-47.9С 030-49.6В\n2. ОТМ ЭТОТ НР 01 СЕНТ=\n301000 МСК  ГС-",
        "cancel_date": null,
        "valid_from": "2026-07-31T04:16:06.205752+00:00",
        "valid_until": "2026-09-01T00:00:00+00:00",
        "corrections": [],
        "summary": null
      }
    },
    {
      "type": "Feature",
      "id": "PRIP MURMANSK 274/26",
      "geometry": {
        "type": "Polygon",
        "coordinates": [
          [
            [
              33.333333333333336,
              69.575
            ],
            [
              33.5,
              69.575
            ],
            [
              33.5,
              69.55
            ],
            [
              33.333333333333336,
              69.55
            ],
            [
              33.333333333333336,
              69.575
            ]
          ]
        ]
      },
      "properties": {
        "dtg": "2026-08-01T04:15:16.012155+00:00",
        "raw_dtg": "ПРИП МУРМАНСК 274/26 КАРТА 13004\r\nБАРЕНЦЕВО МОРЕ",
        "msg_id": "PRIP MURMANSK 274/26",
        "year": 2026,
        "cancellations": [],
        "hazard_type": "general",
        "category": "other",
        "title": "General Warning",
        "geometry_kind": "polygon",
        "radius_nm": null,
        "body": "1. СПЕЦИАЛЬНЫЕ РАБОТЫ 031800 АВГ ПО 031800 СЕНТ\nРАЙОНЕ ЗАПРЕТНОМ ДЛЯ ПЛАВАНИЯ\n69-34.5С 033-20.0В\n69-34.5С 033-30.0В\n69-33.0С 033-30.0В\n69-33.0С 033-20.0В\n2. ОТМ ЭТОТ НР 031800 СЕНТ=\n311000 МСК  ГС-",
        "cancel_date": null,
        "valid_from": "2026-08-01T04:15:16.012155+00:00",
        "valid_until": "2026-09-03T18:00:00+00:00",
        "corrections": [],
        "summary": null
      }
    },
    {
      "type": "Feature",
      "id": "PRIP MURMANSK 275/26#grp1",
      "geometry": {
        "type": "Polygon",
        "coordinates": [
          [
            [
              49.8,
              69.55
            ],
            [
              51.233333333333334,
              69.28333333333333
            ],
            [
              52.03333333333333,
              69.01666666666667
            ],
            [
              50.45,
              69.0
            ],
            [
              49.8,
              69.55
            ]
          ]
        ]
      },
      "properties": {
        "parent_id": "PRIP MURMANSK 275/26",
        "group_index": 1,
        "dtg": "2026-08-13T08:15:36.591096+00:00",
        "raw_dtg": "ПРИП МУРМАНСК 275/26 ПРИП МУРМАНСК 275 КАРТА 10100\r\n\r\nБАРЕНЦЕВО МОРЕ",
        "year": 2026,
        "hazard_type": "hazardous operations",
        "category": "military",
        "title": "Hazardous Operations",
        "body": "1. ПУСКИ РАКЕТНЫЕ 13 АВГ 2100 ДО 2400 И\n14 ПО 26 АВГ 0000 ДО 1800 И 2100 ДО 2400 И\n27 АВГ 0000 ДО 1800 ПЛАВАНИЕ ЗАПРЕЩЕНО\nТЕРВОДАХ ОПАСНО ИХ ПРЕДЕЛАМИ РАЙОНАХ\nА. 69-33-00С 049-48-00В\n   69-17-00С 051-14-00В\n   69-01-00С 052-02-00В\n   69-00-00С 050-27-00В\nБ. 70-46-16С 033-52-10В\n   69-45-49С 035-13-13В\n   69-34-49С 033-57-26В\n   70-33-56С 032-36-41В\nВ. 73-01-32С 030-54-14В\n   71-53-10С 032-54-52В\n   71-39-35С 031-25-13В\n   72-47-11С 029-27-53В\n2. ОТМ ЭТОТ НР 271900 АВГ=\n071000 МСК  ГС-",
        "cancel_date": null,
        "valid_from": "2026-08-13T08:15:36.591096+00:00",
        "valid_until": "2026-08-27T19:00:00+00:00",
        "corrections": [],
        "summary": null
      }
    },
    {
      "type": "Feature",
      "id": "PRIP MURMANSK 275/26#grp2",
      "geometry": {
        "type": "Polygon",
        "coordinates": [
          [
            [
              33.86944444444445,
              70.77111111111111
            ],
            [
              35.22027777777778,
              69.76361111111112
            ],
            [
              33.95722222222223,
              69.58027777777778
            ],
            [
              32.61138888888889,
              70.56555555555555
            ],
            [
              33.86944444444445,
              70.77111111111111
            ]
          ]
        ]
      },
      "properties": {
        "parent_id": "PRIP MURMANSK 275/26",
        "group_index": 2,
        "dtg": "2026-08-13T08:15:36.591096+00:00",
        "raw_dtg": "ПРИП МУРМАНСК 275/26 ПРИП МУРМАНСК 275 КАРТА 10100\r\n\r\nБАРЕНЦЕВО МОРЕ",
        "year": 2026,
        "hazard_type": "hazardous operations",
        "category": "military",
        "title": "Hazardous Operations",
        "body": "1. ПУСКИ РАКЕТНЫЕ 13 АВГ 2100 ДО 2400 И\n14 ПО 26 АВГ 0000 ДО 1800 И 2100 ДО 2400 И\n27 АВГ 0000 ДО 1800 ПЛАВАНИЕ ЗАПРЕЩЕНО\nТЕРВОДАХ ОПАСНО ИХ ПРЕДЕЛАМИ РАЙОНАХ\nА. 69-33-00С 049-48-00В\n   69-17-00С 051-14-00В\n   69-01-00С 052-02-00В\n   69-00-00С 050-27-00В\nБ. 70-46-16С 033-52-10В\n   69-45-49С 035-13-13В\n   69-34-49С 033-57-26В\n   70-33-56С 032-36-41В\nВ. 73-01-32С 030-54-14В\n   71-53-10С 032-54-52В\n   71-39-35С 031-25-13В\n   72-47-11С 029-27-53В\n2. ОТМ ЭТОТ НР 271900 АВГ=\n071000 МСК  ГС-",
        "cancel_date": null,
        "valid_from": "2026-08-13T08:15:36.591096+00:00",
        "valid_until": "2026-08-27T19:00:00+00:00",
        "corrections": [],
        "summary": null
      }
    },
    {
      "type": "Feature",
      "id": "PRIP MURMANSK 275/26#grp3",
      "geometry": {
        "type": "Polygon",
        "coordinates": [
          [
            [
              30.903888888888886,
              73.02555555555556
            ],
            [
              32.91444444444444,
              71.88611111111112
            ],
            [
              31.42027777777778,
              71.65972222222223
            ],
            [
              29.46472222222222,
              72.7863888888889
            ],
            [
              30.903888888888886,
              73.02555555555556
            ]
          ]
        ]
      },
      "properties": {
        "parent_id": "PRIP MURMANSK 275/26",
        "group_index": 3,
        "dtg": "2026-08-13T08:15:36.591096+00:00",
        "raw_dtg": "ПРИП МУРМАНСК 275/26 ПРИП МУРМАНСК 275 КАРТА 10100\r\n\r\nБАРЕНЦЕВО МОРЕ",
        "year": 2026,
        "hazard_type": "hazardous operations",
        "category": "military",
        "title": "Hazardous Operations",
        "body": "1. ПУСКИ РАКЕТНЫЕ 13 АВГ 2100 ДО 2400 И\n14 ПО 26 АВГ 0000 ДО 1800 И 2100 ДО 2400 И\n27 АВГ 0000 ДО 1800 ПЛАВАНИЕ ЗАПРЕЩЕНО\nТЕРВОДАХ ОПАСНО ИХ ПРЕДЕЛАМИ РАЙОНАХ\nА. 69-33-00С 049-48-00В\n   69-17-00С 051-14-00В\n   69-01-00С 052-02-00В\n   69-00-00С 050-27-00В\nБ. 70-46-16С 033-52-10В\n   69-45-49С 035-13-13В\n   69-34-49С 033-57-26В\n   70-33-56С 032-36-41В\nВ. 73-01-32С 030-54-14В\n   71-53-10С 032-54-52В\n   71-39-35С 031-25-13В\n   72-47-11С 029-27-53В\n2. ОТМ ЭТОТ НР 271900 АВГ=\n071000 МСК  ГС-",
        "cancel_date": null,
        "valid_from": "2026-08-13T08:15:36.591096+00:00",
        "valid_until": "2026-08-27T19:00:00+00:00",
        "corrections": [],
        "summary": null
      }
    },
    {
      "type": "Feature",
      "id": "PRIP MURMANSK 277/26",
      "geometry": {
        "type": "Point",
        "coordinates": [
          32.94383333333333,
          69.51716666666667
        ]
      },
      "properties": {
        "dtg": "2026-08-13T08:15:36.590485+00:00",
        "raw_dtg": "ПРИП МУРМАНСК 277/26 КАРТА 12000\r\n\r\nМОТОВСКИЙ ЗАЛИВ",
        "msg_id": "PRIP MURMANSK 277/26",
        "year": 2026,
        "cancellations": [],
        "hazard_type": "general",
        "category": "other",
        "title": "General Warning",
        "geometry_kind": "point",
        "radius_nm": null,
        "body": "ПРИП МУРМАНСК 277 КАРТА 12000\nМОТОВСКИЙ ЗАЛИВ\n1. ЗАПРЕТНЫЙ ПЛАВАНИЯ ВСЕХ СУДОВ 11 АВГ\nПО 10 СЕНТ КРУГЛОСУТОЧНО РАЙОН РАДИУСОМ\n1 МИЛЯ ИЗ 69-31.03С 032-56.63В\n2. ОТМ ЭТОТ НР 11 СЕНТ=\n101000 МСК  ГС-",
        "cancel_date": null,
        "valid_from": "2026-08-13T08:15:36.590485+00:00",
        "valid_until": "2026-09-11T00:00:00+00:00",
        "corrections": [],
        "summary": null
      }
    },
    {
      "type": "Feature",
      "id": "PRIP MURMANSK 284/26",
      "geometry": {
        "type": "Polygon",
        "coordinates": [
          [
            [
              49.81666666666667,
              68.73333333333333
            ],
            [
              50.61666666666667,
              68.5
            ],
            [
              49.416666666666664,
              67.93333333333334
            ],
            [
              48.8,
              67.86666666666666
            ],
            [
              48.3,
              68.01666666666667
            ],
            [
              49.81666666666667,
              68.73333333333333
            ]
          ]
        ]
      },
      "properties": {
        "dtg": "2026-08-19T02:12:51.562667+00:00",
        "raw_dtg": "ПРИП МУРМАНСК 284/26 КАРТА 10100\r\n\r\nПОМОРСКИЙ ПРОЛИВ",
        "msg_id": "PRIP MURMANSK 284/26",
        "year": 2026,
        "cancellations": [],
        "hazard_type": "hazardous operations",
        "category": "military",
        "title": "Hazardous Operations",
        "geometry_kind": "polygon",
        "radius_nm": null,
        "body": "ПРИП МУРМАНСК 284 КАРТА 10100\nПОМОРСКИЙ ПРОЛИВ\n1. ПУСКИ РАКЕТНЫЕ 23 АВГ 2100 ДО 2400 И\n24 ПО 29 АВГ 0000 ДО 1800 И 2100 ДО 2400 И\n30 АВГ 0000 ДО 1800 ПЛАВАНИЕ ЗАПРЕЩЕНО\nТЕРВОДАХ ОПАСНО ИХ ПРЕДЕЛАМИ РАЙОНЕ\n68-44.0С 049-49.0В\n68-30.0С 050-37.0В\n67-56.0С 049-25.0В\n67-52.0С 048-48.0В\n68-01.0С 048-18.0В\n2. ОТМ ЭТОТ НР 301900 АВГ=\n181000 МСК  ГС-",
        "cancel_date": null,
        "valid_from": "2026-08-19T02:12:51.562667+00:00",
        "valid_until": "2026-08-30T19:00:00+00:00",
        "corrections": [],
        "summary": null
      }
    },
    {
      "type": "Feature",
      "id": "PRIP MURMANSK 285/26",
      "geometry": {
        "type": "Polygon",
        "coordinates": [
          [
            [
              51.233333333333334,
              69.28333333333333
            ],
            [
              52.03333333333333,
              69.01666666666667
            ],
            [
              50.45,
              68.31666666666666
            ],
            [
              49.8,
              68.55
            ],
            [
              51.233333333333334,
              69.28333333333333
            ]
          ]
        ]
      },
      "properties": {
        "dtg": "2026-08-19T02:12:51.560937+00:00",
        "raw_dtg": "ПРИП МУРМАНСК 285/26 КАРТА 10100\r\n\r\nПОМОРСКИЙ ПРОЛИВ",
        "msg_id": "PRIP MURMANSK 285/26",
        "year": 2026,
        "cancellations": [
          "279/26"
        ],
        "hazard_type": "hazardous operations",
        "category": "military",
        "title": "Hazardous Operations",
        "geometry_kind": "polygon",
        "radius_nm": null,
        "body": "ПРИП МУРМАНСК 285 КАРТА 10100\nПОМОРСКИЙ ПРОЛИВ\n1. ПУСКИ РАКЕТНЫЕ 18 ПО 23 АВГ 0000 ДО 1800\nПЛАВАНИЕ ЗАПРЕЩЕНО ТЕРВОДАХ ОПАСНО\nИХ ПРЕДЕЛАМИ РАЙОНЕ\n69-17.0С 051-14.0В\n69-01.0С 052-02.0В\n68-19.0С 050-27.0В\n68-33.0С 049-48.0В\n2. ОТМ ЭТОТ НР 231900 АВГ\n3. ОТМ 279/26 ЭТОТ ПУНКТ=\n181000 МСК  ГС-",
        "cancel_date": null,
        "valid_from": "2026-08-19T02:12:51.560937+00:00",
        "valid_until": "2026-08-23T19:00:00+00:00",
        "corrections": [],
        "summary": null
      }
    },
    {
      "type": "Feature",
      "id": "PRIP MURMANSK 286/26#grp1",
      "geometry": {
        "type": "Polygon",
        "coordinates": [
          [
            [
              45.71666666666667,
              70.21666666666667
            ],
            [
              47.2,
              70.03333333333333
            ],
            [
              45.833333333333336,
              68.81666666666666
            ],
            [
              44.45,
              69.0
            ],
            [
              45.71666666666667,
              70.21666666666667
            ]
          ]
        ]
      },
      "properties": {
        "parent_id": "PRIP MURMANSK 286/26",
        "group_index": 1,
        "dtg": "2026-08-20T02:11:49.844420+00:00",
        "raw_dtg": "ПРИП МУРМАНСК 286/26 КАРТЫ 10100 10102 БАРЕНЦЕВО МОРЕ",
        "year": 2026,
        "hazard_type": "hazardous operations",
        "category": "military",
        "title": "Hazardous Operations",
        "body": "1. ПУСКИ РАКЕТНЫЕ 20 АВГ 2100 ДО 2400 И\n21 ПО 29 АВГ 0000 ДО 1800 И 2100 ДО 2400 И\n30 АВГ 0000 ДО 1800 РАЙОНАХ ОПАСНЫХ\nДЛЯ ПЛАВАНИЯ\nА. 70-13.0С 045-43.0В\n   70-02.0С 047-12.0В\n   68-49.0С 045-50.0В\n   69-00.0С 044-27.0В\nБ. 77-52.0С 061-55.0В\n   77-37.0С 063-39.0В\n   76-39.0С 060-30.0В\n   76-56.0С 058-52.0В\n2. ОТМ ЭТОТ НР 301900 АВГ=\n191000 МСК  ГС-",
        "cancel_date": null,
        "valid_from": "2026-08-20T02:11:49.844420+00:00",
        "valid_until": "2026-08-30T19:00:00+00:00",
        "corrections": [],
        "summary": null
      }
    },
    {
      "type": "Feature",
      "id": "PRIP MURMANSK 286/26#grp2",
      "geometry": {
        "type": "Polygon",
        "coordinates": [
          [
            [
              61.916666666666664,
              77.86666666666666
            ],
            [
              63.65,
              77.61666666666666
            ],
            [
              60.5,
              76.65
            ],
            [
              58.86666666666667,
              76.93333333333334
            ],
            [
              61.916666666666664,
              77.86666666666666
            ]
          ]
        ]
      },
      "properties": {
        "parent_id": "PRIP MURMANSK 286/26",
        "group_index": 2,
        "dtg": "2026-08-20T02:11:49.844420+00:00",
        "raw_dtg": "ПРИП МУРМАНСК 286/26 КАРТЫ 10100 10102 БАРЕНЦЕВО МОРЕ",
        "year": 2026,
        "hazard_type": "hazardous operations",
        "category": "military",
        "title": "Hazardous Operations",
        "body": "1. ПУСКИ РАКЕТНЫЕ 20 АВГ 2100 ДО 2400 И\n21 ПО 29 АВГ 0000 ДО 1800 И 2100 ДО 2400 И\n30 АВГ 0000 ДО 1800 РАЙОНАХ ОПАСНЫХ\nДЛЯ ПЛАВАНИЯ\nА. 70-13.0С 045-43.0В\n   70-02.0С 047-12.0В\n   68-49.0С 045-50.0В\n   69-00.0С 044-27.0В\nБ. 77-52.0С 061-55.0В\n   77-37.0С 063-39.0В\n   76-39.0С 060-30.0В\n   76-56.0С 058-52.0В\n2. ОТМ ЭТОТ НР 301900 АВГ=\n191000 МСК  ГС-",
        "cancel_date": null,
        "valid_from": "2026-08-20T02:11:49.844420+00:00",
        "valid_until": "2026-08-30T19:00:00+00:00",
        "corrections": [],
        "summary": null
      }
    },
    {
      "type": "Feature",
      "id": "PRIP MURMANSK 288/26",
      "geometry": {
        "type": "Polygon",
        "coordinates": [
          [
            [
              33.95,
              69.4
            ],
            [
              33.95,
              69.33833333333334
            ],
            [
              33.7,
              69.33333333333333
            ],
            [
              33.88333333333333,
              69.4
            ],
            [
              33.95,
              69.4
            ]
          ]
        ]
      },
      "properties": {
        "dtg": "2026-08-21T02:18:31.777860+00:00",
        "raw_dtg": "ПРИП МУРМАНСК 288/26 КАРТА 15054  БАРЕНЦЕВО МОРЕ",
        "msg_id": "PRIP MURMANSK 288/26",
        "year": 2026,
        "cancellations": [],
        "hazard_type": "hazardous operations",
        "category": "military",
        "title": "Hazardous Operations",
        "geometry_kind": "polygon",
        "radius_nm": null,
        "body": "ПРИП МУРМАНСК 288 КАРТА 15054\nБАРЕНЦЕВО МОРЕ\n1. СТРЕЛЬБЫ АРТИЛЛЕРИЙСКИЕ 24 ПО 28 АВГ\n0800 ДО 1400 РАЙОНЕ ЗАПРЕТНОМ ДЛЯ ПЛАВАНИЯ\n69-24.0С 033-57.0В\n69-20.3С 033-57.0В\n69-20.0С 033-42.0В\n69-24.0С 033-53.0В\n2. ОТМ ЭТОТ НР 281500 АВГ=\n201000 МСК  ГС-",
        "cancel_date": null,
        "valid_from": "2026-08-21T02:18:31.777860+00:00",
        "valid_until": "2026-08-28T15:00:00+00:00",
        "corrections": [],
        "summary": null
      }
    },
    {
      "type": "Feature",
      "id": "PRIP MURMANSK 330/25",
      "geometry": {
        "type": "Polygon",
        "coordinates": [
          [
            [
              33.01125,
              68.95825
            ],
            [
              33.021388888888886,
              68.95727777777778
            ],
            [
              33.01986111111111,
              68.95527777777778
            ],
            [
              33.009861111111114,
              68.95647222222223
            ],
            [
              33.01125,
              68.95825
            ]
          ]
        ]
      },
      "properties": {
        "dtg": "2026-03-14T01:31:34.733614+00:00",
        "raw_dtg": "ПРИП МУРМАНСК 330/25 ПРИП МУРМАНСК 330 КАРТА 17007\r\n\r\nКОЛЬСКИЙ ЗАЛИВ ПОРТ МУРМАНСК",
        "msg_id": "PRIP MURMANSK 330/25",
        "year": 2025,
        "cancellations": [],
        "hazard_type": "general",
        "category": "other",
        "title": "General Warning",
        "geometry_kind": "polygon",
        "radius_nm": null,
        "body": "1. ГИДРОТЕХНИЧЕСКИЕ И ДНОУГЛУБИТЕЛЬНЫЕ РАБОТЫ\n22 ОКТ 2025 ПО 01 ОКТ 2026 РАЙОНЕ\n68-57-29.7С 033-00-40.5В\n68-57-26.2С 033-01-17.0В\n68-57-19.0С 033-01-11.5В\n68-57-23.3С 033-00-35.5В\nДАЛЕЕ ПО БЕРЕГОВОЙ ЛИНИИ ДО\n68-57-29.7С 033-00-40.5В\nПРИ ПЛАВАНИИ СОБЛЮДАТЬ ОСТОРОЖНОСТЬ\n2. ОТМ ЭТОТ НР 02 ОКТ 2026=\n201000 МСК  ГС-",
        "cancel_date": null,
        "valid_from": "2026-03-14T01:31:34.733614+00:00",
        "valid_until": "2026-10-02T00:00:00+00:00",
        "corrections": [],
        "summary": null
      }
    },
    {
      "type": "Feature",
      "id": "PRIP WEST 103/26#grp1",
      "geometry": {
        "type": "MultiPolygon",
        "coordinates": [
          [
            [
              [
                72.10583333333334,
                71.25983333333333
              ],
              [
                72.142,
                71.28616666666667
              ],
              [
                72.13598222736402,
                71.28840583788005
              ],
              [
                72.30305340504074,
                71.28941462808432
              ],
              [
                72.10333333333334,
                71.25933333333333
              ],
              [
                72.10583333333334,
                71.25983333333333
              ]
            ]
          ],
          [
            [
              [
                72.50033333333333,
                71.26966666666667
              ],
              [
                72.4,
                71.29
              ],
              [
                72.30305340504074,
                71.28941462808432
              ],
              [
                72.44083333333333,
                71.31016666666666
              ],
              [
                72.54083333333334,
                71.28933333333333
              ],
              [
                72.50033333333333,
                71.26966666666667
              ]
            ]
          ],
          [
            [
              [
                72.3215,
                71.34666666666666
              ],
              [
                72.13483333333333,
                71.28883333333333
              ],
              [
                72.13598222736402,
                71.28840583788005
              ],
              [
                72.04116666666667,
                71.28783333333334
              ],
              [
                72.12316666666666,
                71.293
              ],
              [
                72.31166666666667,
                71.3495
              ],
              [
                72.3215,
                71.34666666666666
              ]
            ]
          ]
        ]
      },
      "properties": {
        "parent_id": "PRIP WEST 103/26",
        "group_index": 1,
        "dtg": "2026-08-13T08:15:36.649108+00:00",
        "raw_dtg": "ПРИП ЗАПАД 103/26 КАРТА 13331 КАРСКОЕ МОРЕ ОБСКАЯ ГУБА\r\nOBSKAYA GUBA. CHART RUS 13331.",
        "year": 2026,
        "hazard_type": "general",
        "category": "other",
        "title": "General Warning",
        "body": "1.\tДНОУГЛУБИТЕЛЬНЫЕ РАБОТЫ С 08 АВГ ПО 15 ОКТ РАЙОНЕ\nА. 71-17.27С 072-02.47В 71-17.58С 072-07.39В 71-20.97С 072-18.70В 71-20.80С 072-19.29В\n71-17.33С 072-08.09В 71-17.17С 072-08.52В\n71-15.59С 072-06.35В 71-15.56С 072-06.20В\nБ. 71-18.61С 072-26.45В 71-17.36С 072-32.45В 71-16.18С 072-30.02В 71-17.40С 072-24.00В ОБХОДИТЬ НА БЕЗОПАСНОЙ ДИСТАНЦИИ\n2.\tРАЙОНЫ СВАЛКИ РАЗРАБОТАННОГО ГРУНТА ЦЕНТРОМ В ТОЧКЕ 71-21.44С 072-09.24 РАДИУСОМ 1500 М\nСИСТЕМА КООРДИНАТ WGS-84\n3.\tОТМ ЭТОТ НОМЕР 16 ОКТ= \nCOASTAL WARNING WEST 103/26 KARA SEA.\nOBSKAYA GUBA. CHART RUS 13331.\n1.\tDREDGING OPERATIONS IN PROGRESS FROM 08 AUG TO 15 OCT IN AREA BOUNDED BY:\nA. 71-17.27N 072-02.47E, 71-17.58N 072-07.39E, 71-20.97N 072-18.70E, 71-20.80N 072-19.29E,\n71-17.33N 072-08.09E, 71-17.17N 072-08.52E,\n71-15.59N 072-06.35E, 71-15.56N 072-06.20E.\nB. 71-18.61N 072-26.45E, 71-17.36N 072-32.45E, 71-16.18N 072-30.02E, 71-17.40N 072-24.00.E WIDE BERTH REQUESTED.\n2.\tDUMPING AREA FOR EXCAVATED GROUND BOUNDED: BY RADIUS OF 1500 METERS IN 71-21.44N 072-09.24E. WGS-84 DATUM.\n3.\tCANCEL THIS MSG 16 OCT 26.= NNNN",
        "cancel_date": null,
        "valid_from": "2026-08-13T08:15:36.649108+00:00",
        "valid_until": "2026-10-15T00:00:00+00:00",
        "corrections": [],
        "summary": null
      }
    },
    {
      "type": "Feature",
      "id": "PRIP WEST 103/26#grp2",
      "geometry": {
        "type": "MultiPolygon",
        "coordinates": [
          [
            [
              [
                72.10583333333334,
                71.25983333333333
              ],
              [
                72.13897431017213,
                71.28396362983348
              ],
              [
                72.2402571787622,
                71.2799564310399
              ],
              [
                72.10333333333334,
                71.25933333333333
              ],
              [
                72.10583333333334,
                71.25983333333333
              ]
            ]
          ],
          [
            [
              [
                72.50033333333333,
                71.26966666666667
              ],
              [
                72.2402571787622,
                71.2799564310399
              ],
              [
                72.44083333333333,
                71.31016666666666
              ],
              [
                72.54083333333334,
                71.28933333333333
              ],
              [
                72.50033333333333,
                71.26966666666667
              ]
            ]
          ],
          [
            [
              [
                72.3215,
                71.34666666666666
              ],
              [
                72.13483333333333,
                71.28883333333333
              ],
              [
                72.142,
                71.28616666666667
              ],
              [
                72.13897431017213,
                71.28396362983348
              ],
              [
                72.04116666666667,
                71.28783333333334
              ],
              [
                72.12316666666666,
                71.293
              ],
              [
                72.31166666666667,
                71.3495
              ],
              [
                72.3215,
                71.34666666666666
              ]
            ]
          ]
        ]
      },
      "properties": {
        "parent_id": "PRIP WEST 103/26",
        "group_index": 2,
        "dtg": "2026-08-13T08:15:36.649108+00:00",
        "raw_dtg": "ПРИП ЗАПАД 103/26 КАРТА 13331 КАРСКОЕ МОРЕ ОБСКАЯ ГУБА\r\nOBSKAYA GUBA. CHART RUS 13331.",
        "year": 2026,
        "hazard_type": "general",
        "category": "other",
        "title": "General Warning",
        "body": "1.\tДНОУГЛУБИТЕЛЬНЫЕ РАБОТЫ С 08 АВГ ПО 15 ОКТ РАЙОНЕ\nА. 71-17.27С 072-02.47В 71-17.58С 072-07.39В 71-20.97С 072-18.70В 71-20.80С 072-19.29В\n71-17.33С 072-08.09В 71-17.17С 072-08.52В\n71-15.59С 072-06.35В 71-15.56С 072-06.20В\nБ. 71-18.61С 072-26.45В 71-17.36С 072-32.45В 71-16.18С 072-30.02В 71-17.40С 072-24.00В ОБХОДИТЬ НА БЕЗОПАСНОЙ ДИСТАНЦИИ\n2.\tРАЙОНЫ СВАЛКИ РАЗРАБОТАННОГО ГРУНТА ЦЕНТРОМ В ТОЧКЕ 71-21.44С 072-09.24 РАДИУСОМ 1500 М\nСИСТЕМА КООРДИНАТ WGS-84\n3.\tОТМ ЭТОТ НОМЕР 16 ОКТ= \nCOASTAL WARNING WEST 103/26 KARA SEA.\nOBSKAYA GUBA. CHART RUS 13331.\n1.\tDREDGING OPERATIONS IN PROGRESS FROM 08 AUG TO 15 OCT IN AREA BOUNDED BY:\nA. 71-17.27N 072-02.47E, 71-17.58N 072-07.39E, 71-20.97N 072-18.70E, 71-20.80N 072-19.29E,\n71-17.33N 072-08.09E, 71-17.17N 072-08.52E,\n71-15.59N 072-06.35E, 71-15.56N 072-06.20E.\nB. 71-18.61N 072-26.45E, 71-17.36N 072-32.45E, 71-16.18N 072-30.02E, 71-17.40N 072-24.00.E WIDE BERTH REQUESTED.\n2.\tDUMPING AREA FOR EXCAVATED GROUND BOUNDED: BY RADIUS OF 1500 METERS IN 71-21.44N 072-09.24E. WGS-84 DATUM.\n3.\tCANCEL THIS MSG 16 OCT 26.= NNNN",
        "cancel_date": null,
        "valid_from": "2026-08-13T08:15:36.649108+00:00",
        "valid_until": "2026-10-15T00:00:00+00:00",
        "corrections": [],
        "summary": null
      }
    },
    {
      "type": "Feature",
      "id": "PRIP WEST 103/26#grp3",
      "geometry": {
        "type": "Point",
        "coordinates": [
          72.154,
          71.35733333333333
        ]
      },
      "properties": {
        "parent_id": "PRIP WEST 103/26",
        "group_index": 3,
        "dtg": "2026-08-13T08:15:36.649108+00:00",
        "raw_dtg": "ПРИП ЗАПАД 103/26 КАРТА 13331 КАРСКОЕ МОРЕ ОБСКАЯ ГУБА\r\nOBSKAYA GUBA. CHART RUS 13331.",
        "year": 2026,
        "hazard_type": "general",
        "category": "other",
        "title": "General Warning",
        "body": "1.\tДНОУГЛУБИТЕЛЬНЫЕ РАБОТЫ С 08 АВГ ПО 15 ОКТ РАЙОНЕ\nА. 71-17.27С 072-02.47В 71-17.58С 072-07.39В 71-20.97С 072-18.70В 71-20.80С 072-19.29В\n71-17.33С 072-08.09В 71-17.17С 072-08.52В\n71-15.59С 072-06.35В 71-15.56С 072-06.20В\nБ. 71-18.61С 072-26.45В 71-17.36С 072-32.45В 71-16.18С 072-30.02В 71-17.40С 072-24.00В ОБХОДИТЬ НА БЕЗОПАСНОЙ ДИСТАНЦИИ\n2.\tРАЙОНЫ СВАЛКИ РАЗРАБОТАННОГО ГРУНТА ЦЕНТРОМ В ТОЧКЕ 71-21.44С 072-09.24 РАДИУСОМ 1500 М\nСИСТЕМА КООРДИНАТ WGS-84\n3.\tОТМ ЭТОТ НОМЕР 16 ОКТ= \nCOASTAL WARNING WEST 103/26 KARA SEA.\nOBSKAYA GUBA. CHART RUS 13331.\n1.\tDREDGING OPERATIONS IN PROGRESS FROM 08 AUG TO 15 OCT IN AREA BOUNDED BY:\nA. 71-17.27N 072-02.47E, 71-17.58N 072-07.39E, 71-20.97N 072-18.70E, 71-20.80N 072-19.29E,\n71-17.33N 072-08.09E, 71-17.17N 072-08.52E,\n71-15.59N 072-06.35E, 71-15.56N 072-06.20E.\nB. 71-18.61N 072-26.45E, 71-17.36N 072-32.45E, 71-16.18N 072-30.02E, 71-17.40N 072-24.00.E WIDE BERTH REQUESTED.\n2.\tDUMPING AREA FOR EXCAVATED GROUND BOUNDED: BY RADIUS OF 1500 METERS IN 71-21.44N 072-09.24E. WGS-84 DATUM.\n3.\tCANCEL THIS MSG 16 OCT 26.= NNNN",
        "cancel_date": null,
        "valid_from": "2026-08-13T08:15:36.649108+00:00",
        "valid_until": "2026-10-15T00:00:00+00:00",
        "corrections": [],
        "summary": null
      }
    },
    {
      "type": "Feature",
      "id": "PRIP WEST 104/26#grp1",
      "geometry": {
        "type": "Point",
        "coordinates": [
          73.87383333333334,
          68.445
        ]
      },
      "properties": {
        "parent_id": "PRIP WEST 104/26",
        "group_index": 1,
        "dtg": "2026-08-13T08:15:36.648145+00:00",
        "raw_dtg": "ПРИП ЗАПАД 104/26 КАРТА 13336\r\nКАРСКОЕ МОРЕ ОБСКАЯ ГУБА",
        "year": 2026,
        "hazard_type": "general",
        "category": "other",
        "title": "General Warning",
        "body": "1. АВТОМАТИЧЕСКИЕ ДОННЫЕ СТАНЦИИ ВЫСТАВЛЕНЫ В\nА. 68-26.7С 073-52.43В\nБ. 68-28.61С 074-07.17В\nСИСТЕМА КООРДИНАТ WGS-84\nОБХОДИТЬ 0.1 МИЛИ\n2. ОТМ ЭТОТ НР 01 АВГ 27=\n\nCOASTAL WARNING WEST 104/26\nKARA SEA.\nOBSKAYA GUBA.\nCHART RUS 13336.\n1. AUTOMATIC BOTTOM STATIONS ESTABLISHED IN:\nA. 68-26.7N 073-52.43E.\nB. 68-28.61N 074-07.17E.\nWGS-84 DATUM.\n0.1 MILE BERTH REQUESTED.\n2. CANCEL THIS MSG 01 AUG 27.=\nNNNN",
        "cancel_date": null,
        "valid_from": "2026-08-13T08:15:36.648145+00:00",
        "valid_until": "2027-08-01T00:00:00+00:00",
        "corrections": [],
        "summary": null
      }
    },
    {
      "type": "Feature",
      "id": "PRIP WEST 104/26#grp2",
      "geometry": {
        "type": "Point",
        "coordinates": [
          74.1195,
          68.47683333333333
        ]
      },
      "properties": {
        "parent_id": "PRIP WEST 104/26",
        "group_index": 2,
        "dtg": "2026-08-13T08:15:36.648145+00:00",
        "raw_dtg": "ПРИП ЗАПАД 104/26 КАРТА 13336\r\nКАРСКОЕ МОРЕ ОБСКАЯ ГУБА",
        "year": 2026,
        "hazard_type": "general",
        "category": "other",
        "title": "General Warning",
        "body": "1. АВТОМАТИЧЕСКИЕ ДОННЫЕ СТАНЦИИ ВЫСТАВЛЕНЫ В\nА. 68-26.7С 073-52.43В\nБ. 68-28.61С 074-07.17В\nСИСТЕМА КООРДИНАТ WGS-84\nОБХОДИТЬ 0.1 МИЛИ\n2. ОТМ ЭТОТ НР 01 АВГ 27=\n\nCOASTAL WARNING WEST 104/26\nKARA SEA.\nOBSKAYA GUBA.\nCHART RUS 13336.\n1. AUTOMATIC BOTTOM STATIONS ESTABLISHED IN:\nA. 68-26.7N 073-52.43E.\nB. 68-28.61N 074-07.17E.\nWGS-84 DATUM.\n0.1 MILE BERTH REQUESTED.\n2. CANCEL THIS MSG 01 AUG 27.=\nNNNN",
        "cancel_date": null,
        "valid_from": "2026-08-13T08:15:36.648145+00:00",
        "valid_until": "2027-08-01T00:00:00+00:00",
        "corrections": [],
        "summary": null
      }
    },
    {
      "type": "Feature",
      "id": "PRIP WEST 104/26#grp3",
      "geometry": {
        "type": "Point",
        "coordinates": [
          73.87383333333334,
          68.445
        ]
      },
      "properties": {
        "parent_id": "PRIP WEST 104/26",
        "group_index": 3,
        "dtg": "2026-08-13T08:15:36.648145+00:00",
        "raw_dtg": "ПРИП ЗАПАД 104/26 КАРТА 13336\r\nКАРСКОЕ МОРЕ ОБСКАЯ ГУБА",
        "year": 2026,
        "hazard_type": "general",
        "category": "other",
        "title": "General Warning",
        "body": "1. АВТОМАТИЧЕСКИЕ ДОННЫЕ СТАНЦИИ ВЫСТАВЛЕНЫ В\nА. 68-26.7С 073-52.43В\nБ. 68-28.61С 074-07.17В\nСИСТЕМА КООРДИНАТ WGS-84\nОБХОДИТЬ 0.1 МИЛИ\n2. ОТМ ЭТОТ НР 01 АВГ 27=\n\nCOASTAL WARNING WEST 104/26\nKARA SEA.\nOBSKAYA GUBA.\nCHART RUS 13336.\n1. AUTOMATIC BOTTOM STATIONS ESTABLISHED IN:\nA. 68-26.7N 073-52.43E.\nB. 68-28.61N 074-07.17E.\nWGS-84 DATUM.\n0.1 MILE BERTH REQUESTED.\n2. CANCEL THIS MSG 01 AUG 27.=\nNNNN",
        "cancel_date": null,
        "valid_from": "2026-08-13T08:15:36.648145+00:00",
        "valid_until": "2027-08-01T00:00:00+00:00",
        "corrections": [],
        "summary": null
      }
    },
    {
      "type": "Feature",
      "id": "PRIP WEST 104/26#grp4",
      "geometry": {
        "type": "Point",
        "coordinates": [
          74.1195,
          68.47683333333333
        ]
      },
      "properties": {
        "parent_id": "PRIP WEST 104/26",
        "group_index": 4,
        "dtg": "2026-08-13T08:15:36.648145+00:00",
        "raw_dtg": "ПРИП ЗАПАД 104/26 КАРТА 13336\r\nКАРСКОЕ МОРЕ ОБСКАЯ ГУБА",
        "year": 2026,
        "hazard_type": "general",
        "category": "other",
        "title": "General Warning",
        "body": "1. АВТОМАТИЧЕСКИЕ ДОННЫЕ СТАНЦИИ ВЫСТАВЛЕНЫ В\nА. 68-26.7С 073-52.43В\nБ. 68-28.61С 074-07.17В\nСИСТЕМА КООРДИНАТ WGS-84\nОБХОДИТЬ 0.1 МИЛИ\n2. ОТМ ЭТОТ НР 01 АВГ 27=\n\nCOASTAL WARNING WEST 104/26\nKARA SEA.\nOBSKAYA GUBA.\nCHART RUS 13336.\n1. AUTOMATIC BOTTOM STATIONS ESTABLISHED IN:\nA. 68-26.7N 073-52.43E.\nB. 68-28.61N 074-07.17E.\nWGS-84 DATUM.\n0.1 MILE BERTH REQUESTED.\n2. CANCEL THIS MSG 01 AUG 27.=\nNNNN",
        "cancel_date": null,
        "valid_from": "2026-08-13T08:15:36.648145+00:00",
        "valid_until": "2027-08-01T00:00:00+00:00",
        "corrections": [],
        "summary": null
      }
    },
    {
      "type": "Feature",
      "id": "PRIP WEST 105/26#grp1",
      "geometry": {
        "type": "Point",
        "coordinates": [
          73.63616666666667,
          68.54833333333333
        ]
      },
      "properties": {
        "parent_id": "PRIP WEST 105/26",
        "group_index": 1,
        "dtg": "2026-08-13T08:15:36.642603+00:00",
        "raw_dtg": "ПРИП ЗАПАД 105/26 КАРТА 13336\r\nКАРСКОЕ МОРЕ ОБСКАЯ ГУБА",
        "year": 2026,
        "hazard_type": "general",
        "category": "other",
        "title": "General Warning",
        "body": "1. АВТОМАТИЧЕСКИЕ ДОННЫЕ СТАНЦИИ ВЫСТАВЛЕНЫ В\nА. 68-32.9С 073-38.17В\nБ. 68-23.68С 074-16.33В\nВ. 68-32.27С 073-34.34В\nГ. 68-31.62С 073-39.33В\nД. 68-29.27С 073-51.35В\nЕ. 68-27.43С 073-59.69В\nЖ. 68-24.47С 074-16.08В\nЗ. 68-23.93С 074-19.51В\nИ. 68-32.9С 073-38.16В\nК. 68-23.68С 074-16.33В\nСИСТЕМА КООРДИНАТ WGS-84\nОБХОДИТЬ 0.1 МИЛИ\n2. ОТМ ЭТОТ НР 01 ОКТ 26=\n\nCOASTAL WARNING WEST 105/26\nKARA SEA.\nOBSKAYA GUBA.\nCHART RUS 13336.\n1. AUTOMATIC BOTTOM STATIONS ESTABLISHED IN:\nA. 68-32.9N 073-38.17E.\nB. 68-23.68N 074-16.33E.\nC. 68-32.27N 073-34.34E.\nD. 68-31.62N 073-39.33E.\nE. 68-29.27N 073-51.35E.\nF. 68-27.43N 073-59.69E.\nG. 68-24.47N 074-16.08E.\nH. 68-23.93N 074-19.51E.\nI. 68-32.9N 073-38.16E.\nJ. 68-23.68N 074-16.33E.\nWGS-84 DATUM.\n0.1 MILE BERTH REQUESTED.\n2. CANCEL THIS MSG 01 OCT 26.=\nNNNN",
        "cancel_date": null,
        "valid_from": "2026-08-13T08:15:36.642603+00:00",
        "valid_until": "2026-10-01T00:00:00+00:00",
        "corrections": [],
        "summary": null
      }
    },
    {
      "type": "Feature",
      "id": "PRIP WEST 105/26#grp10",
      "geometry": {
        "type": "Point",
        "coordinates": [
          74.27216666666666,
          68.39466666666667
        ]
      },
      "properties": {
        "parent_id": "PRIP WEST 105/26",
        "group_index": 10,
        "dtg": "2026-08-13T08:15:36.642603+00:00",
        "raw_dtg": "ПРИП ЗАПАД 105/26 КАРТА 13336\r\nКАРСКОЕ МОРЕ ОБСКАЯ ГУБА",
        "year": 2026,
        "hazard_type": "general",
        "category": "other",
        "title": "General Warning",
        "body": "1. АВТОМАТИЧЕСКИЕ ДОННЫЕ СТАНЦИИ ВЫСТАВЛЕНЫ В\nА. 68-32.9С 073-38.17В\nБ. 68-23.68С 074-16.33В\nВ. 68-32.27С 073-34.34В\nГ. 68-31.62С 073-39.33В\nД. 68-29.27С 073-51.35В\nЕ. 68-27.43С 073-59.69В\nЖ. 68-24.47С 074-16.08В\nЗ. 68-23.93С 074-19.51В\nИ. 68-32.9С 073-38.16В\nК. 68-23.68С 074-16.33В\nСИСТЕМА КООРДИНАТ WGS-84\nОБХОДИТЬ 0.1 МИЛИ\n2. ОТМ ЭТОТ НР 01 ОКТ 26=\n\nCOASTAL WARNING WEST 105/26\nKARA SEA.\nOBSKAYA GUBA.\nCHART RUS 13336.\n1. AUTOMATIC BOTTOM STATIONS ESTABLISHED IN:\nA. 68-32.9N 073-38.17E.\nB. 68-23.68N 074-16.33E.\nC. 68-32.27N 073-34.34E.\nD. 68-31.62N 073-39.33E.\nE. 68-29.27N 073-51.35E.\nF. 68-27.43N 073-59.69E.\nG. 68-24.47N 074-16.08E.\nH. 68-23.93N 074-19.51E.\nI. 68-32.9N 073-38.16E.\nJ. 68-23.68N 074-16.33E.\nWGS-84 DATUM.\n0.1 MILE BERTH REQUESTED.\n2. CANCEL THIS MSG 01 OCT 26.=\nNNNN",
        "cancel_date": null,
        "valid_from": "2026-08-13T08:15:36.642603+00:00",
        "valid_until": "2026-10-01T00:00:00+00:00",
        "corrections": [],
        "summary": null
      }
    },
    {
      "type": "Feature",
      "id": "PRIP WEST 105/26#grp11",
      "geometry": {
        "type": "Point",
        "coordinates": [
          73.63616666666667,
          68.54833333333333
        ]
      },
      "properties": {
        "parent_id": "PRIP WEST 105/26",
        "group_index": 11,
        "dtg": "2026-08-13T08:15:36.642603+00:00",
        "raw_dtg": "ПРИП ЗАПАД 105/26 КАРТА 13336\r\nКАРСКОЕ МОРЕ ОБСКАЯ ГУБА",
        "year": 2026,
        "hazard_type": "general",
        "category": "other",
        "title": "General Warning",
        "body": "1. АВТОМАТИЧЕСКИЕ ДОННЫЕ СТАНЦИИ ВЫСТАВЛЕНЫ В\nА. 68-32.9С 073-38.17В\nБ. 68-23.68С 074-16.33В\nВ. 68-32.27С 073-34.34В\nГ. 68-31.62С 073-39.33В\nД. 68-29.27С 073-51.35В\nЕ. 68-27.43С 073-59.69В\nЖ. 68-24.47С 074-16.08В\nЗ. 68-23.93С 074-19.51В\nИ. 68-32.9С 073-38.16В\nК. 68-23.68С 074-16.33В\nСИСТЕМА КООРДИНАТ WGS-84\nОБХОДИТЬ 0.1 МИЛИ\n2. ОТМ ЭТОТ НР 01 ОКТ 26=\n\nCOASTAL WARNING WEST 105/26\nKARA SEA.\nOBSKAYA GUBA.\nCHART RUS 13336.\n1. AUTOMATIC BOTTOM STATIONS ESTABLISHED IN:\nA. 68-32.9N 073-38.17E.\nB. 68-23.68N 074-16.33E.\nC. 68-32.27N 073-34.34E.\nD. 68-31.62N 073-39.33E.\nE. 68-29.27N 073-51.35E.\nF. 68-27.43N 073-59.69E.\nG. 68-24.47N 074-16.08E.\nH. 68-23.93N 074-19.51E.\nI. 68-32.9N 073-38.16E.\nJ. 68-23.68N 074-16.33E.\nWGS-84 DATUM.\n0.1 MILE BERTH REQUESTED.\n2. CANCEL THIS MSG 01 OCT 26.=\nNNNN",
        "cancel_date": null,
        "valid_from": "2026-08-13T08:15:36.642603+00:00",
        "valid_until": "2026-10-01T00:00:00+00:00",
        "corrections": [],
        "summary": null
      }
    },
    {
      "type": "Feature",
      "id": "PRIP WEST 105/26#grp12",
      "geometry": {
        "type": "Point",
        "coordinates": [
          74.27216666666666,
          68.39466666666667
        ]
      },
      "properties": {
        "parent_id": "PRIP WEST 105/26",
        "group_index": 12,
        "dtg": "2026-08-13T08:15:36.642603+00:00",
        "raw_dtg": "ПРИП ЗАПАД 105/26 КАРТА 13336\r\nКАРСКОЕ МОРЕ ОБСКАЯ ГУБА",
        "year": 2026,
        "hazard_type": "general",
        "category": "other",
        "title": "General Warning",
        "body": "1. АВТОМАТИЧЕСКИЕ ДОННЫЕ СТАНЦИИ ВЫСТАВЛЕНЫ В\nА. 68-32.9С 073-38.17В\nБ. 68-23.68С 074-16.33В\nВ. 68-32.27С 073-34.34В\nГ. 68-31.62С 073-39.33В\nД. 68-29.27С 073-51.35В\nЕ. 68-27.43С 073-59.69В\nЖ. 68-24.47С 074-16.08В\nЗ. 68-23.93С 074-19.51В\nИ. 68-32.9С 073-38.16В\nК. 68-23.68С 074-16.33В\nСИСТЕМА КООРДИНАТ WGS-84\nОБХОДИТЬ 0.1 МИЛИ\n2. ОТМ ЭТОТ НР 01 ОКТ 26=\n\nCOASTAL WARNING WEST 105/26\nKARA SEA.\nOBSKAYA GUBA.\nCHART RUS 13336.\n1. AUTOMATIC BOTTOM STATIONS ESTABLISHED IN:\nA. 68-32.9N 073-38.17E.\nB. 68-23.68N 074-16.33E.\nC. 68-32.27N 073-34.34E.\nD. 68-31.62N 073-39.33E.\nE. 68-29.27N 073-51.35E.\nF. 68-27.43N 073-59.69E.\nG. 68-24.47N 074-16.08E.\nH. 68-23.93N 074-19.51E.\nI. 68-32.9N 073-38.16E.\nJ. 68-23.68N 074-16.33E.\nWGS-84 DATUM.\n0.1 MILE BERTH REQUESTED.\n2. CANCEL THIS MSG 01 OCT 26.=\nNNNN",
        "cancel_date": null,
        "valid_from": "2026-08-13T08:15:36.642603+00:00",
        "valid_until": "2026-10-01T00:00:00+00:00",
        "corrections": [],
        "summary": null
      }
    },
    {
      "type": "Feature",
      "id": "PRIP WEST 105/26#grp13",
      "geometry": {
        "type": "Point",
        "coordinates": [
          73.57233333333333,
          68.53783333333334
        ]
      },
      "properties": {
        "parent_id": "PRIP WEST 105/26",
        "group_index": 13,
        "dtg": "2026-08-13T08:15:36.642603+00:00",
        "raw_dtg": "ПРИП ЗАПАД 105/26 КАРТА 13336\r\nКАРСКОЕ МОРЕ ОБСКАЯ ГУБА",
        "year": 2026,
        "hazard_type": "general",
        "category": "other",
        "title": "General Warning",
        "body": "1. АВТОМАТИЧЕСКИЕ ДОННЫЕ СТАНЦИИ ВЫСТАВЛЕНЫ В\nА. 68-32.9С 073-38.17В\nБ. 68-23.68С 074-16.33В\nВ. 68-32.27С 073-34.34В\nГ. 68-31.62С 073-39.33В\nД. 68-29.27С 073-51.35В\nЕ. 68-27.43С 073-59.69В\nЖ. 68-24.47С 074-16.08В\nЗ. 68-23.93С 074-19.51В\nИ. 68-32.9С 073-38.16В\nК. 68-23.68С 074-16.33В\nСИСТЕМА КООРДИНАТ WGS-84\nОБХОДИТЬ 0.1 МИЛИ\n2. ОТМ ЭТОТ НР 01 ОКТ 26=\n\nCOASTAL WARNING WEST 105/26\nKARA SEA.\nOBSKAYA GUBA.\nCHART RUS 13336.\n1. AUTOMATIC BOTTOM STATIONS ESTABLISHED IN:\nA. 68-32.9N 073-38.17E.\nB. 68-23.68N 074-16.33E.\nC. 68-32.27N 073-34.34E.\nD. 68-31.62N 073-39.33E.\nE. 68-29.27N 073-51.35E.\nF. 68-27.43N 073-59.69E.\nG. 68-24.47N 074-16.08E.\nH. 68-23.93N 074-19.51E.\nI. 68-32.9N 073-38.16E.\nJ. 68-23.68N 074-16.33E.\nWGS-84 DATUM.\n0.1 MILE BERTH REQUESTED.\n2. CANCEL THIS MSG 01 OCT 26.=\nNNNN",
        "cancel_date": null,
        "valid_from": "2026-08-13T08:15:36.642603+00:00",
        "valid_until": "2026-10-01T00:00:00+00:00",
        "corrections": [],
        "summary": null
      }
    },
    {
      "type": "Feature",
      "id": "PRIP WEST 105/26#grp14",
      "geometry": {
        "type": "Point",
        "coordinates": [
          73.6555,
          68.527
        ]
      },
      "properties": {
        "parent_id": "PRIP WEST 105/26",
        "group_index": 14,
        "dtg": "2026-08-13T08:15:36.642603+00:00",
        "raw_dtg": "ПРИП ЗАПАД 105/26 КАРТА 13336\r\nКАРСКОЕ МОРЕ ОБСКАЯ ГУБА",
        "year": 2026,
        "hazard_type": "general",
        "category": "other",
        "title": "General Warning",
        "body": "1. АВТОМАТИЧЕСКИЕ ДОННЫЕ СТАНЦИИ ВЫСТАВЛЕНЫ В\nА. 68-32.9С 073-38.17В\nБ. 68-23.68С 074-16.33В\nВ. 68-32.27С 073-34.34В\nГ. 68-31.62С 073-39.33В\nД. 68-29.27С 073-51.35В\nЕ. 68-27.43С 073-59.69В\nЖ. 68-24.47С 074-16.08В\nЗ. 68-23.93С 074-19.51В\nИ. 68-32.9С 073-38.16В\nК. 68-23.68С 074-16.33В\nСИСТЕМА КООРДИНАТ WGS-84\nОБХОДИТЬ 0.1 МИЛИ\n2. ОТМ ЭТОТ НР 01 ОКТ 26=\n\nCOASTAL WARNING WEST 105/26\nKARA SEA.\nOBSKAYA GUBA.\nCHART RUS 13336.\n1. AUTOMATIC BOTTOM STATIONS ESTABLISHED IN:\nA. 68-32.9N 073-38.17E.\nB. 68-23.68N 074-16.33E.\nC. 68-32.27N 073-34.34E.\nD. 68-31.62N 073-39.33E.\nE. 68-29.27N 073-51.35E.\nF. 68-27.43N 073-59.69E.\nG. 68-24.47N 074-16.08E.\nH. 68-23.93N 074-19.51E.\nI. 68-32.9N 073-38.16E.\nJ. 68-23.68N 074-16.33E.\nWGS-84 DATUM.\n0.1 MILE BERTH REQUESTED.\n2. CANCEL THIS MSG 01 OCT 26.=\nNNNN",
        "cancel_date": null,
        "valid_from": "2026-08-13T08:15:36.642603+00:00",
        "valid_until": "2026-10-01T00:00:00+00:00",
        "corrections": [],
        "summary": null
      }
    },
    {
      "type": "Feature",
      "id": "PRIP WEST 105/26#grp15",
      "geometry": {
        "type": "Point",
        "coordinates": [
          73.85583333333334,
          68.48783333333333
        ]
      },
      "properties": {
        "parent_id": "PRIP WEST 105/26",
        "group_index": 15,
        "dtg": "2026-08-13T08:15:36.642603+00:00",
        "raw_dtg": "ПРИП ЗАПАД 105/26 КАРТА 13336\r\nКАРСКОЕ МОРЕ ОБСКАЯ ГУБА",
        "year": 2026,
        "hazard_type": "general",
        "category": "other",
        "title": "General Warning",
        "body": "1. АВТОМАТИЧЕСКИЕ ДОННЫЕ СТАНЦИИ ВЫСТАВЛЕНЫ В\nА. 68-32.9С 073-38.17В\nБ. 68-23.68С 074-16.33В\nВ. 68-32.27С 073-34.34В\nГ. 68-31.62С 073-39.33В\nД. 68-29.27С 073-51.35В\nЕ. 68-27.43С 073-59.69В\nЖ. 68-24.47С 074-16.08В\nЗ. 68-23.93С 074-19.51В\nИ. 68-32.9С 073-38.16В\nК. 68-23.68С 074-16.33В\nСИСТЕМА КООРДИНАТ WGS-84\nОБХОДИТЬ 0.1 МИЛИ\n2. ОТМ ЭТОТ НР 01 ОКТ 26=\n\nCOASTAL WARNING WEST 105/26\nKARA SEA.\nOBSKAYA GUBA.\nCHART RUS 13336.\n1. AUTOMATIC BOTTOM STATIONS ESTABLISHED IN:\nA. 68-32.9N 073-38.17E.\nB. 68-23.68N 074-16.33E.\nC. 68-32.27N 073-34.34E.\nD. 68-31.62N 073-39.33E.\nE. 68-29.27N 073-51.35E.\nF. 68-27.43N 073-59.69E.\nG. 68-24.47N 074-16.08E.\nH. 68-23.93N 074-19.51E.\nI. 68-32.9N 073-38.16E.\nJ. 68-23.68N 074-16.33E.\nWGS-84 DATUM.\n0.1 MILE BERTH REQUESTED.\n2. CANCEL THIS MSG 01 OCT 26.=\nNNNN",
        "cancel_date": null,
        "valid_from": "2026-08-13T08:15:36.642603+00:00",
        "valid_until": "2026-10-01T00:00:00+00:00",
        "corrections": [],
        "summary": null
      }
    },
    {
      "type": "Feature",
      "id": "PRIP WEST 105/26#grp16",
      "geometry": {
        "type": "Point",
        "coordinates": [
          73.99483333333333,
          68.45716666666667
        ]
      },
      "properties": {
        "parent_id": "PRIP WEST 105/26",
        "group_index": 16,
        "dtg": "2026-08-13T08:15:36.642603+00:00",
        "raw_dtg": "ПРИП ЗАПАД 105/26 КАРТА 13336\r\nКАРСКОЕ МОРЕ ОБСКАЯ ГУБА",
        "year": 2026,
        "hazard_type": "general",
        "category": "other",
        "title": "General Warning",
        "body": "1. АВТОМАТИЧЕСКИЕ ДОННЫЕ СТАНЦИИ ВЫСТАВЛЕНЫ В\nА. 68-32.9С 073-38.17В\nБ. 68-23.68С 074-16.33В\nВ. 68-32.27С 073-34.34В\nГ. 68-31.62С 073-39.33В\nД. 68-29.27С 073-51.35В\nЕ. 68-27.43С 073-59.69В\nЖ. 68-24.47С 074-16.08В\nЗ. 68-23.93С 074-19.51В\nИ. 68-32.9С 073-38.16В\nК. 68-23.68С 074-16.33В\nСИСТЕМА КООРДИНАТ WGS-84\nОБХОДИТЬ 0.1 МИЛИ\n2. ОТМ ЭТОТ НР 01 ОКТ 26=\n\nCOASTAL WARNING WEST 105/26\nKARA SEA.\nOBSKAYA GUBA.\nCHART RUS 13336.\n1. AUTOMATIC BOTTOM STATIONS ESTABLISHED IN:\nA. 68-32.9N 073-38.17E.\nB. 68-23.68N 074-16.33E.\nC. 68-32.27N 073-34.34E.\nD. 68-31.62N 073-39.33E.\nE. 68-29.27N 073-51.35E.\nF. 68-27.43N 073-59.69E.\nG. 68-24.47N 074-16.08E.\nH. 68-23.93N 074-19.51E.\nI. 68-32.9N 073-38.16E.\nJ. 68-23.68N 074-16.33E.\nWGS-84 DATUM.\n0.1 MILE BERTH REQUESTED.\n2. CANCEL THIS MSG 01 OCT 26.=\nNNNN",
        "cancel_date": null,
        "valid_from": "2026-08-13T08:15:36.642603+00:00",
        "valid_until": "2026-10-01T00:00:00+00:00",
        "corrections": [],
        "summary": null
      }
    },
    {
      "type": "Feature",
      "id": "PRIP WEST 105/26#grp17",
      "geometry": {
        "type": "Point",
        "coordinates": [
          74.268,
          68.40783333333333
        ]
      },
      "properties": {
        "parent_id": "PRIP WEST 105/26",
        "group_index": 17,
        "dtg": "2026-08-13T08:15:36.642603+00:00",
        "raw_dtg": "ПРИП ЗАПАД 105/26 КАРТА 13336\r\nКАРСКОЕ МОРЕ ОБСКАЯ ГУБА",
        "year": 2026,
        "hazard_type": "general",
        "category": "other",
        "title": "General Warning",
        "body": "1. АВТОМАТИЧЕСКИЕ ДОННЫЕ СТАНЦИИ ВЫСТАВЛЕНЫ В\nА. 68-32.9С 073-38.17В\nБ. 68-23.68С 074-16.33В\nВ. 68-32.27С 073-34.34В\nГ. 68-31.62С 073-39.33В\nД. 68-29.27С 073-51.35В\nЕ. 68-27.43С 073-59.69В\nЖ. 68-24.47С 074-16.08В\nЗ. 68-23.93С 074-19.51В\nИ. 68-32.9С 073-38.16В\nК. 68-23.68С 074-16.33В\nСИСТЕМА КООРДИНАТ WGS-84\nОБХОДИТЬ 0.1 МИЛИ\n2. ОТМ ЭТОТ НР 01 ОКТ 26=\n\nCOASTAL WARNING WEST 105/26\nKARA SEA.\nOBSKAYA GUBA.\nCHART RUS 13336.\n1. AUTOMATIC BOTTOM STATIONS ESTABLISHED IN:\nA. 68-32.9N 073-38.17E.\nB. 68-23.68N 074-16.33E.\nC. 68-32.27N 073-34.34E.\nD. 68-31.62N 073-39.33E.\nE. 68-29.27N 073-51.35E.\nF. 68-27.43N 073-59.69E.\nG. 68-24.47N 074-16.08E.\nH. 68-23.93N 074-19.51E.\nI. 68-32.9N 073-38.16E.\nJ. 68-23.68N 074-16.33E.\nWGS-84 DATUM.\n0.1 MILE BERTH REQUESTED.\n2. CANCEL THIS MSG 01 OCT 26.=\nNNNN",
        "cancel_date": null,
        "valid_from": "2026-08-13T08:15:36.642603+00:00",
        "valid_until": "2026-10-01T00:00:00+00:00",
        "corrections": [],
        "summary": null
      }
    },
    {
      "type": "Feature",
      "id": "PRIP WEST 105/26#grp18",
      "geometry": {
        "type": "Point",
        "coordinates": [
          74.32516666666666,
          68.39883333333333
        ]
      },
      "properties": {
        "parent_id": "PRIP WEST 105/26",
        "group_index": 18,
        "dtg": "2026-08-13T08:15:36.642603+00:00",
        "raw_dtg": "ПРИП ЗАПАД 105/26 КАРТА 13336\r\nКАРСКОЕ МОРЕ ОБСКАЯ ГУБА",
        "year": 2026,
        "hazard_type": "general",
        "category": "other",
        "title": "General Warning",
        "body": "1. АВТОМАТИЧЕСКИЕ ДОННЫЕ СТАНЦИИ ВЫСТАВЛЕНЫ В\nА. 68-32.9С 073-38.17В\nБ. 68-23.68С 074-16.33В\nВ. 68-32.27С 073-34.34В\nГ. 68-31.62С 073-39.33В\nД. 68-29.27С 073-51.35В\nЕ. 68-27.43С 073-59.69В\nЖ. 68-24.47С 074-16.08В\nЗ. 68-23.93С 074-19.51В\nИ. 68-32.9С 073-38.16В\nК. 68-23.68С 074-16.33В\nСИСТЕМА КООРДИНАТ WGS-84\nОБХОДИТЬ 0.1 МИЛИ\n2. ОТМ ЭТОТ НР 01 ОКТ 26=\n\nCOASTAL WARNING WEST 105/26\nKARA SEA.\nOBSKAYA GUBA.\nCHART RUS 13336.\n1. AUTOMATIC BOTTOM STATIONS ESTABLISHED IN:\nA. 68-32.9N 073-38.17E.\nB. 68-23.68N 074-16.33E.\nC. 68-32.27N 073-34.34E.\nD. 68-31.62N 073-39.33E.\nE. 68-29.27N 073-51.35E.\nF. 68-27.43N 073-59.69E.\nG. 68-24.47N 074-16.08E.\nH. 68-23.93N 074-19.51E.\nI. 68-32.9N 073-38.16E.\nJ. 68-23.68N 074-16.33E.\nWGS-84 DATUM.\n0.1 MILE BERTH REQUESTED.\n2. CANCEL THIS MSG 01 OCT 26.=\nNNNN",
        "cancel_date": null,
        "valid_from": "2026-08-13T08:15:36.642603+00:00",
        "valid_until": "2026-10-01T00:00:00+00:00",
        "corrections": [],
        "summary": null
      }
    },
    {
      "type": "Feature",
      "id": "PRIP WEST 105/26#grp19",
      "geometry": {
        "type": "Point",
        "coordinates": [
          73.636,
          68.54833333333333
        ]
      },
      "properties": {
        "parent_id": "PRIP WEST 105/26",
        "group_index": 19,
        "dtg": "2026-08-13T08:15:36.642603+00:00",
        "raw_dtg": "ПРИП ЗАПАД 105/26 КАРТА 13336\r\nКАРСКОЕ МОРЕ ОБСКАЯ ГУБА",
        "year": 2026,
        "hazard_type": "general",
        "category": "other",
        "title": "General Warning",
        "body": "1. АВТОМАТИЧЕСКИЕ ДОННЫЕ СТАНЦИИ ВЫСТАВЛЕНЫ В\nА. 68-32.9С 073-38.17В\nБ. 68-23.68С 074-16.33В\nВ. 68-32.27С 073-34.34В\nГ. 68-31.62С 073-39.33В\nД. 68-29.27С 073-51.35В\nЕ. 68-27.43С 073-59.69В\nЖ. 68-24.47С 074-16.08В\nЗ. 68-23.93С 074-19.51В\nИ. 68-32.9С 073-38.16В\nК. 68-23.68С 074-16.33В\nСИСТЕМА КООРДИНАТ WGS-84\nОБХОДИТЬ 0.1 МИЛИ\n2. ОТМ ЭТОТ НР 01 ОКТ 26=\n\nCOASTAL WARNING WEST 105/26\nKARA SEA.\nOBSKAYA GUBA.\nCHART RUS 13336.\n1. AUTOMATIC BOTTOM STATIONS ESTABLISHED IN:\nA. 68-32.9N 073-38.17E.\nB. 68-23.68N 074-16.33E.\nC. 68-32.27N 073-34.34E.\nD. 68-31.62N 073-39.33E.\nE. 68-29.27N 073-51.35E.\nF. 68-27.43N 073-59.69E.\nG. 68-24.47N 074-16.08E.\nH. 68-23.93N 074-19.51E.\nI. 68-32.9N 073-38.16E.\nJ. 68-23.68N 074-16.33E.\nWGS-84 DATUM.\n0.1 MILE BERTH REQUESTED.\n2. CANCEL THIS MSG 01 OCT 26.=\nNNNN",
        "cancel_date": null,
        "valid_from": "2026-08-13T08:15:36.642603+00:00",
        "valid_until": "2026-10-01T00:00:00+00:00",
        "corrections": [],
        "summary": null
      }
    },
    {
      "type": "Feature",
      "id": "PRIP WEST 105/26#grp2",
      "geometry": {
        "type": "Point",
        "coordinates": [
          74.27216666666666,
          68.39466666666667
        ]
      },
      "properties": {
        "parent_id": "PRIP WEST 105/26",
        "group_index": 2,
        "dtg": "2026-08-13T08:15:36.642603+00:00",
        "raw_dtg": "ПРИП ЗАПАД 105/26 КАРТА 13336\r\nКАРСКОЕ МОРЕ ОБСКАЯ ГУБА",
        "year": 2026,
        "hazard_type": "general",
        "category": "other",
        "title": "General Warning",
        "body": "1. АВТОМАТИЧЕСКИЕ ДОННЫЕ СТАНЦИИ ВЫСТАВЛЕНЫ В\nА. 68-32.9С 073-38.17В\nБ. 68-23.68С 074-16.33В\nВ. 68-32.27С 073-34.34В\nГ. 68-31.62С 073-39.33В\nД. 68-29.27С 073-51.35В\nЕ. 68-27.43С 073-59.69В\nЖ. 68-24.47С 074-16.08В\nЗ. 68-23.93С 074-19.51В\nИ. 68-32.9С 073-38.16В\nК. 68-23.68С 074-16.33В\nСИСТЕМА КООРДИНАТ WGS-84\nОБХОДИТЬ 0.1 МИЛИ\n2. ОТМ ЭТОТ НР 01 ОКТ 26=\n\nCOASTAL WARNING WEST 105/26\nKARA SEA.\nOBSKAYA GUBA.\nCHART RUS 13336.\n1. AUTOMATIC BOTTOM STATIONS ESTABLISHED IN:\nA. 68-32.9N 073-38.17E.\nB. 68-23.68N 074-16.33E.\nC. 68-32.27N 073-34.34E.\nD. 68-31.62N 073-39.33E.\nE. 68-29.27N 073-51.35E.\nF. 68-27.43N 073-59.69E.\nG. 68-24.47N 074-16.08E.\nH. 68-23.93N 074-19.51E.\nI. 68-32.9N 073-38.16E.\nJ. 68-23.68N 074-16.33E.\nWGS-84 DATUM.\n0.1 MILE BERTH REQUESTED.\n2. CANCEL THIS MSG 01 OCT 26.=\nNNNN",
        "cancel_date": null,
        "valid_from": "2026-08-13T08:15:36.642603+00:00",
        "valid_until": "2026-10-01T00:00:00+00:00",
        "corrections": [],
        "summary": null
      }
    },
    {
      "type": "Feature",
      "id": "PRIP WEST 105/26#grp20",
      "geometry": {
        "type": "Point",
        "coordinates": [
          74.27216666666666,
          68.39466666666667
        ]
      },
      "properties": {
        "parent_id": "PRIP WEST 105/26",
        "group_index": 20,
        "dtg": "2026-08-13T08:15:36.642603+00:00",
        "raw_dtg": "ПРИП ЗАПАД 105/26 КАРТА 13336\r\nКАРСКОЕ МОРЕ ОБСКАЯ ГУБА",
        "year": 2026,
        "hazard_type": "general",
        "category": "other",
        "title": "General Warning",
        "body": "1. АВТОМАТИЧЕСКИЕ ДОННЫЕ СТАНЦИИ ВЫСТАВЛЕНЫ В\nА. 68-32.9С 073-38.17В\nБ. 68-23.68С 074-16.33В\nВ. 68-32.27С 073-34.34В\nГ. 68-31.62С 073-39.33В\nД. 68-29.27С 073-51.35В\nЕ. 68-27.43С 073-59.69В\nЖ. 68-24.47С 074-16.08В\nЗ. 68-23.93С 074-19.51В\nИ. 68-32.9С 073-38.16В\nК. 68-23.68С 074-16.33В\nСИСТЕМА КООРДИНАТ WGS-84\nОБХОДИТЬ 0.1 МИЛИ\n2. ОТМ ЭТОТ НР 01 ОКТ 26=\n\nCOASTAL WARNING WEST 105/26\nKARA SEA.\nOBSKAYA GUBA.\nCHART RUS 13336.\n1. AUTOMATIC BOTTOM STATIONS ESTABLISHED IN:\nA. 68-32.9N 073-38.17E.\nB. 68-23.68N 074-16.33E.\nC. 68-32.27N 073-34.34E.\nD. 68-31.62N 073-39.33E.\nE. 68-29.27N 073-51.35E.\nF. 68-27.43N 073-59.69E.\nG. 68-24.47N 074-16.08E.\nH. 68-23.93N 074-19.51E.\nI. 68-32.9N 073-38.16E.\nJ. 68-23.68N 074-16.33E.\nWGS-84 DATUM.\n0.1 MILE BERTH REQUESTED.\n2. CANCEL THIS MSG 01 OCT 26.=\nNNNN",
        "cancel_date": null,
        "valid_from": "2026-08-13T08:15:36.642603+00:00",
        "valid_until": "2026-10-01T00:00:00+00:00",
        "corrections": [],
        "summary": null
      }
    },
    {
      "type": "Feature",
      "id": "PRIP WEST 105/26#grp3",
      "geometry": {
        "type": "Point",
        "coordinates": [
          73.57233333333333,
          68.53783333333334
        ]
      },
      "properties": {
        "parent_id": "PRIP WEST 105/26",
        "group_index": 3,
        "dtg": "2026-08-13T08:15:36.642603+00:00",
        "raw_dtg": "ПРИП ЗАПАД 105/26 КАРТА 13336\r\nКАРСКОЕ МОРЕ ОБСКАЯ ГУБА",
        "year": 2026,
        "hazard_type": "general",
        "category": "other",
        "title": "General Warning",
        "body": "1. АВТОМАТИЧЕСКИЕ ДОННЫЕ СТАНЦИИ ВЫСТАВЛЕНЫ В\nА. 68-32.9С 073-38.17В\nБ. 68-23.68С 074-16.33В\nВ. 68-32.27С 073-34.34В\nГ. 68-31.62С 073-39.33В\nД. 68-29.27С 073-51.35В\nЕ. 68-27.43С 073-59.69В\nЖ. 68-24.47С 074-16.08В\nЗ. 68-23.93С 074-19.51В\nИ. 68-32.9С 073-38.16В\nК. 68-23.68С 074-16.33В\nСИСТЕМА КООРДИНАТ WGS-84\nОБХОДИТЬ 0.1 МИЛИ\n2. ОТМ ЭТОТ НР 01 ОКТ 26=\n\nCOASTAL WARNING WEST 105/26\nKARA SEA.\nOBSKAYA GUBA.\nCHART RUS 13336.\n1. AUTOMATIC BOTTOM STATIONS ESTABLISHED IN:\nA. 68-32.9N 073-38.17E.\nB. 68-23.68N 074-16.33E.\nC. 68-32.27N 073-34.34E.\nD. 68-31.62N 073-39.33E.\nE. 68-29.27N 073-51.35E.\nF. 68-27.43N 073-59.69E.\nG. 68-24.47N 074-16.08E.\nH. 68-23.93N 074-19.51E.\nI. 68-32.9N 073-38.16E.\nJ. 68-23.68N 074-16.33E.\nWGS-84 DATUM.\n0.1 MILE BERTH REQUESTED.\n2. CANCEL THIS MSG 01 OCT 26.=\nNNNN",
        "cancel_date": null,
        "valid_from": "2026-08-13T08:15:36.642603+00:00",
        "valid_until": "2026-10-01T00:00:00+00:00",
        "corrections": [],
        "summary": null
      }
    },
    {
      "type": "Feature",
      "id": "PRIP WEST 105/26#grp4",
      "geometry": {
        "type": "Point",
        "coordinates": [
          73.6555,
          68.527
        ]
      },
      "properties": {
        "parent_id": "PRIP WEST 105/26",
        "group_index": 4,
        "dtg": "2026-08-13T08:15:36.642603+00:00",
        "raw_dtg": "ПРИП ЗАПАД 105/26 КАРТА 13336\r\nКАРСКОЕ МОРЕ ОБСКАЯ ГУБА",
        "year": 2026,
        "hazard_type": "general",
        "category": "other",
        "title": "General Warning",
        "body": "1. АВТОМАТИЧЕСКИЕ ДОННЫЕ СТАНЦИИ ВЫСТАВЛЕНЫ В\nА. 68-32.9С 073-38.17В\nБ. 68-23.68С 074-16.33В\nВ. 68-32.27С 073-34.34В\nГ. 68-31.62С 073-39.33В\nД. 68-29.27С 073-51.35В\nЕ. 68-27.43С 073-59.69В\nЖ. 68-24.47С 074-16.08В\nЗ. 68-23.93С 074-19.51В\nИ. 68-32.9С 073-38.16В\nК. 68-23.68С 074-16.33В\nСИСТЕМА КООРДИНАТ WGS-84\nОБХОДИТЬ 0.1 МИЛИ\n2. ОТМ ЭТОТ НР 01 ОКТ 26=\n\nCOASTAL WARNING WEST 105/26\nKARA SEA.\nOBSKAYA GUBA.\nCHART RUS 13336.\n1. AUTOMATIC BOTTOM STATIONS ESTABLISHED IN:\nA. 68-32.9N 073-38.17E.\nB. 68-23.68N 074-16.33E.\nC. 68-32.27N 073-34.34E.\nD. 68-31.62N 073-39.33E.\nE. 68-29.27N 073-51.35E.\nF. 68-27.43N 073-59.69E.\nG. 68-24.47N 074-16.08E.\nH. 68-23.93N 074-19.51E.\nI. 68-32.9N 073-38.16E.\nJ. 68-23.68N 074-16.33E.\nWGS-84 DATUM.\n0.1 MILE BERTH REQUESTED.\n2. CANCEL THIS MSG 01 OCT 26.=\nNNNN",
        "cancel_date": null,
        "valid_from": "2026-08-13T08:15:36.642603+00:00",
        "valid_until": "2026-10-01T00:00:00+00:00",
        "corrections": [],
        "summary": null
      }
    },
    {
      "type": "Feature",
      "id": "PRIP WEST 105/26#grp5",
      "geometry": {
        "type": "Point",
        "coordinates": [
          73.85583333333334,
          68.48783333333333
        ]
      },
      "properties": {
        "parent_id": "PRIP WEST 105/26",
        "group_index": 5,
        "dtg": "2026-08-13T08:15:36.642603+00:00",
        "raw_dtg": "ПРИП ЗАПАД 105/26 КАРТА 13336\r\nКАРСКОЕ МОРЕ ОБСКАЯ ГУБА",
        "year": 2026,
        "hazard_type": "general",
        "category": "other",
        "title": "General Warning",
        "body": "1. АВТОМАТИЧЕСКИЕ ДОННЫЕ СТАНЦИИ ВЫСТАВЛЕНЫ В\nА. 68-32.9С 073-38.17В\nБ. 68-23.68С 074-16.33В\nВ. 68-32.27С 073-34.34В\nГ. 68-31.62С 073-39.33В\nД. 68-29.27С 073-51.35В\nЕ. 68-27.43С 073-59.69В\nЖ. 68-24.47С 074-16.08В\nЗ. 68-23.93С 074-19.51В\nИ. 68-32.9С 073-38.16В\nК. 68-23.68С 074-16.33В\nСИСТЕМА КООРДИНАТ WGS-84\nОБХОДИТЬ 0.1 МИЛИ\n2. ОТМ ЭТОТ НР 01 ОКТ 26=\n\nCOASTAL WARNING WEST 105/26\nKARA SEA.\nOBSKAYA GUBA.\nCHART RUS 13336.\n1. AUTOMATIC BOTTOM STATIONS ESTABLISHED IN:\nA. 68-32.9N 073-38.17E.\nB. 68-23.68N 074-16.33E.\nC. 68-32.27N 073-34.34E.\nD. 68-31.62N 073-39.33E.\nE. 68-29.27N 073-51.35E.\nF. 68-27.43N 073-59.69E.\nG. 68-24.47N 074-16.08E.\nH. 68-23.93N 074-19.51E.\nI. 68-32.9N 073-38.16E.\nJ. 68-23.68N 074-16.33E.\nWGS-84 DATUM.\n0.1 MILE BERTH REQUESTED.\n2. CANCEL THIS MSG 01 OCT 26.=\nNNNN",
        "cancel_date": null,
        "valid_from": "2026-08-13T08:15:36.642603+00:00",
        "valid_until": "2026-10-01T00:00:00+00:00",
        "corrections": [],
        "summary": null
      }
    },
    {
      "type": "Feature",
      "id": "PRIP WEST 105/26#grp6",
      "geometry": {
        "type": "Point",
        "coordinates": [
          73.99483333333333,
          68.45716666666667
        ]
      },
      "properties": {
        "parent_id": "PRIP WEST 105/26",
        "group_index": 6,
        "dtg": "2026-08-13T08:15:36.642603+00:00",
        "raw_dtg": "ПРИП ЗАПАД 105/26 КАРТА 13336\r\nКАРСКОЕ МОРЕ ОБСКАЯ ГУБА",
        "year": 2026,
        "hazard_type": "general",
        "category": "other",
        "title": "General Warning",
        "body": "1. АВТОМАТИЧЕСКИЕ ДОННЫЕ СТАНЦИИ ВЫСТАВЛЕНЫ В\nА. 68-32.9С 073-38.17В\nБ. 68-23.68С 074-16.33В\nВ. 68-32.27С 073-34.34В\nГ. 68-31.62С 073-39.33В\nД. 68-29.27С 073-51.35В\nЕ. 68-27.43С 073-59.69В\nЖ. 68-24.47С 074-16.08В\nЗ. 68-23.93С 074-19.51В\nИ. 68-32.9С 073-38.16В\nК. 68-23.68С 074-16.33В\nСИСТЕМА КООРДИНАТ WGS-84\nОБХОДИТЬ 0.1 МИЛИ\n2. ОТМ ЭТОТ НР 01 ОКТ 26=\n\nCOASTAL WARNING WEST 105/26\nKARA SEA.\nOBSKAYA GUBA.\nCHART RUS 13336.\n1. AUTOMATIC BOTTOM STATIONS ESTABLISHED IN:\nA. 68-32.9N 073-38.17E.\nB. 68-23.68N 074-16.33E.\nC. 68-32.27N 073-34.34E.\nD. 68-31.62N 073-39.33E.\nE. 68-29.27N 073-51.35E.\nF. 68-27.43N 073-59.69E.\nG. 68-24.47N 074-16.08E.\nH. 68-23.93N 074-19.51E.\nI. 68-32.9N 073-38.16E.\nJ. 68-23.68N 074-16.33E.\nWGS-84 DATUM.\n0.1 MILE BERTH REQUESTED.\n2. CANCEL THIS MSG 01 OCT 26.=\nNNNN",
        "cancel_date": null,
        "valid_from": "2026-08-13T08:15:36.642603+00:00",
        "valid_until": "2026-10-01T00:00:00+00:00",
        "corrections": [],
        "summary": null
      }
    },
    {
      "type": "Feature",
      "id": "PRIP WEST 105/26#grp7",
      "geometry": {
        "type": "Point",
        "coordinates": [
          74.268,
          68.40783333333333
        ]
      },
      "properties": {
        "parent_id": "PRIP WEST 105/26",
        "group_index": 7,
        "dtg": "2026-08-13T08:15:36.642603+00:00",
        "raw_dtg": "ПРИП ЗАПАД 105/26 КАРТА 13336\r\nКАРСКОЕ МОРЕ ОБСКАЯ ГУБА",
        "year": 2026,
        "hazard_type": "general",
        "category": "other",
        "title": "General Warning",
        "body": "1. АВТОМАТИЧЕСКИЕ ДОННЫЕ СТАНЦИИ ВЫСТАВЛЕНЫ В\nА. 68-32.9С 073-38.17В\nБ. 68-23.68С 074-16.33В\nВ. 68-32.27С 073-34.34В\nГ. 68-31.62С 073-39.33В\nД. 68-29.27С 073-51.35В\nЕ. 68-27.43С 073-59.69В\nЖ. 68-24.47С 074-16.08В\nЗ. 68-23.93С 074-19.51В\nИ. 68-32.9С 073-38.16В\nК. 68-23.68С 074-16.33В\nСИСТЕМА КООРДИНАТ WGS-84\nОБХОДИТЬ 0.1 МИЛИ\n2. ОТМ ЭТОТ НР 01 ОКТ 26=\n\nCOASTAL WARNING WEST 105/26\nKARA SEA.\nOBSKAYA GUBA.\nCHART RUS 13336.\n1. AUTOMATIC BOTTOM STATIONS ESTABLISHED IN:\nA. 68-32.9N 073-38.17E.\nB. 68-23.68N 074-16.33E.\nC. 68-32.27N 073-34.34E.\nD. 68-31.62N 073-39.33E.\nE. 68-29.27N 073-51.35E.\nF. 68-27.43N 073-59.69E.\nG. 68-24.47N 074-16.08E.\nH. 68-23.93N 074-19.51E.\nI. 68-32.9N 073-38.16E.\nJ. 68-23.68N 074-16.33E.\nWGS-84 DATUM.\n0.1 MILE BERTH REQUESTED.\n2. CANCEL THIS MSG 01 OCT 26.=\nNNNN",
        "cancel_date": null,
        "valid_from": "2026-08-13T08:15:36.642603+00:00",
        "valid_until": "2026-10-01T00:00:00+00:00",
        "corrections": [],
        "summary": null
      }
    },
    {
      "type": "Feature",
      "id": "PRIP WEST 105/26#grp8",
      "geometry": {
        "type": "Point",
        "coordinates": [
          74.32516666666666,
          68.39883333333333
        ]
      },
      "properties": {
        "parent_id": "PRIP WEST 105/26",
        "group_index": 8,
        "dtg": "2026-08-13T08:15:36.642603+00:00",
        "raw_dtg": "ПРИП ЗАПАД 105/26 КАРТА 13336\r\nКАРСКОЕ МОРЕ ОБСКАЯ ГУБА",
        "year": 2026,
        "hazard_type": "general",
        "category": "other",
        "title": "General Warning",
        "body": "1. АВТОМАТИЧЕСКИЕ ДОННЫЕ СТАНЦИИ ВЫСТАВЛЕНЫ В\nА. 68-32.9С 073-38.17В\nБ. 68-23.68С 074-16.33В\nВ. 68-32.27С 073-34.34В\nГ. 68-31.62С 073-39.33В\nД. 68-29.27С 073-51.35В\nЕ. 68-27.43С 073-59.69В\nЖ. 68-24.47С 074-16.08В\nЗ. 68-23.93С 074-19.51В\nИ. 68-32.9С 073-38.16В\nК. 68-23.68С 074-16.33В\nСИСТЕМА КООРДИНАТ WGS-84\nОБХОДИТЬ 0.1 МИЛИ\n2. ОТМ ЭТОТ НР 01 ОКТ 26=\n\nCOASTAL WARNING WEST 105/26\nKARA SEA.\nOBSKAYA GUBA.\nCHART RUS 13336.\n1. AUTOMATIC BOTTOM STATIONS ESTABLISHED IN:\nA. 68-32.9N 073-38.17E.\nB. 68-23.68N 074-16.33E.\nC. 68-32.27N 073-34.34E.\nD. 68-31.62N 073-39.33E.\nE. 68-29.27N 073-51.35E.\nF. 68-27.43N 073-59.69E.\nG. 68-24.47N 074-16.08E.\nH. 68-23.93N 074-19.51E.\nI. 68-32.9N 073-38.16E.\nJ. 68-23.68N 074-16.33E.\nWGS-84 DATUM.\n0.1 MILE BERTH REQUESTED.\n2. CANCEL THIS MSG 01 OCT 26.=\nNNNN",
        "cancel_date": null,
        "valid_from": "2026-08-13T08:15:36.642603+00:00",
        "valid_until": "2026-10-01T00:00:00+00:00",
        "corrections": [],
        "summary": null
      }
    },
    {
      "type": "Feature",
      "id": "PRIP WEST 105/26#grp9",
      "geometry": {
        "type": "Point",
        "coordinates": [
          73.636,
          68.54833333333333
        ]
      },
      "properties": {
        "parent_id": "PRIP WEST 105/26",
        "group_index": 9,
        "dtg": "2026-08-13T08:15:36.642603+00:00",
        "raw_dtg": "ПРИП ЗАПАД 105/26 КАРТА 13336\r\nКАРСКОЕ МОРЕ ОБСКАЯ ГУБА",
        "year": 2026,
        "hazard_type": "general",
        "category": "other",
        "title": "General Warning",
        "body": "1. АВТОМАТИЧЕСКИЕ ДОННЫЕ СТАНЦИИ ВЫСТАВЛЕНЫ В\nА. 68-32.9С 073-38.17В\nБ. 68-23.68С 074-16.33В\nВ. 68-32.27С 073-34.34В\nГ. 68-31.62С 073-39.33В\nД. 68-29.27С 073-51.35В\nЕ. 68-27.43С 073-59.69В\nЖ. 68-24.47С 074-16.08В\nЗ. 68-23.93С 074-19.51В\nИ. 68-32.9С 073-38.16В\nК. 68-23.68С 074-16.33В\nСИСТЕМА КООРДИНАТ WGS-84\nОБХОДИТЬ 0.1 МИЛИ\n2. ОТМ ЭТОТ НР 01 ОКТ 26=\n\nCOASTAL WARNING WEST 105/26\nKARA SEA.\nOBSKAYA GUBA.\nCHART RUS 13336.\n1. AUTOMATIC BOTTOM STATIONS ESTABLISHED IN:\nA. 68-32.9N 073-38.17E.\nB. 68-23.68N 074-16.33E.\nC. 68-32.27N 073-34.34E.\nD. 68-31.62N 073-39.33E.\nE. 68-29.27N 073-51.35E.\nF. 68-27.43N 073-59.69E.\nG. 68-24.47N 074-16.08E.\nH. 68-23.93N 074-19.51E.\nI. 68-32.9N 073-38.16E.\nJ. 68-23.68N 074-16.33E.\nWGS-84 DATUM.\n0.1 MILE BERTH REQUESTED.\n2. CANCEL THIS MSG 01 OCT 26.=\nNNNN",
        "cancel_date": null,
        "valid_from": "2026-08-13T08:15:36.642603+00:00",
        "valid_until": "2026-10-01T00:00:00+00:00",
        "corrections": [],
        "summary": null
      }
    },
    {
      "type": "Feature",
      "id": "PRIP WEST 114/26#grp1",
      "geometry": {
        "type": "Point",
        "coordinates": [
          109.79333333333334,
          79.12833333333333
        ]
      },
      "properties": {
        "parent_id": "PRIP WEST 114/26",
        "group_index": 1,
        "dtg": "2026-08-20T02:11:49.894099+00:00",
        "raw_dtg": "ПРИП ЗАПАД 114/26 КАРТА 10104 СЕВЕРНЫЙ ЛЕДОВИТЫЙ ОКЕАН МОРЕ  ЛАПТЕВЫХ\r\nLAPTEV SEA. CHART RUS 10104",
        "year": 2026,
        "hazard_type": "ice and icebergs",
        "category": "navigation",
        "title": "Ice and Icebergs",
        "body": "1.\tАЙСБЕРГИ 190616 АВГ В А. 79-07.7С 109-47.6В\nБ. 79-00.6С 110-02.7В\n2.\tОТМ ЭТОТ НР 220616 АВГ= \nCOASTAL WARNING WEST 114/26 ARCTIC OCEAN.\nLAPTEV SEA. CHART RUS 10104.\n1.\tICEBERGS AT 190616 UTC AUG IN: A. 79-07.7N 109-47.6E.\nB. 79-00.6N 110-02.7E.\n2.\tCANCEL THIS MSG 220616 UTC AUG 26.= NNNN",
        "cancel_date": null,
        "valid_from": "2026-08-20T02:11:49.894099+00:00",
        "valid_until": "2026-08-22T06:16:00+00:00",
        "corrections": [],
        "summary": null
      }
    },
    {
      "type": "Feature",
      "id": "PRIP WEST 114/26#grp2",
      "geometry": {
        "type": "Point",
        "coordinates": [
          110.045,
          79.01
        ]
      },
      "properties": {
        "parent_id": "PRIP WEST 114/26",
        "group_index": 2,
        "dtg": "2026-08-20T02:11:49.894099+00:00",
        "raw_dtg": "ПРИП ЗАПАД 114/26 КАРТА 10104 СЕВЕРНЫЙ ЛЕДОВИТЫЙ ОКЕАН МОРЕ  ЛАПТЕВЫХ\r\nLAPTEV SEA. CHART RUS 10104",
        "year": 2026,
        "hazard_type": "ice and icebergs",
        "category": "navigation",
        "title": "Ice and Icebergs",
        "body": "1.\tАЙСБЕРГИ 190616 АВГ В А. 79-07.7С 109-47.6В\nБ. 79-00.6С 110-02.7В\n2.\tОТМ ЭТОТ НР 220616 АВГ= \nCOASTAL WARNING WEST 114/26 ARCTIC OCEAN.\nLAPTEV SEA. CHART RUS 10104.\n1.\tICEBERGS AT 190616 UTC AUG IN: A. 79-07.7N 109-47.6E.\nB. 79-00.6N 110-02.7E.\n2.\tCANCEL THIS MSG 220616 UTC AUG 26.= NNNN",
        "cancel_date": null,
        "valid_from": "2026-08-20T02:11:49.894099+00:00",
        "valid_until": "2026-08-22T06:16:00+00:00",
        "corrections": [],
        "summary": null
      }
    },
    {
      "type": "Feature",
      "id": "PRIP WEST 114/26#grp3",
      "geometry": {
        "type": "Point",
        "coordinates": [
          109.79333333333334,
          79.12833333333333
        ]
      },
      "properties": {
        "parent_id": "PRIP WEST 114/26",
        "group_index": 3,
        "dtg": "2026-08-20T02:11:49.894099+00:00",
        "raw_dtg": "ПРИП ЗАПАД 114/26 КАРТА 10104 СЕВЕРНЫЙ ЛЕДОВИТЫЙ ОКЕАН МОРЕ  ЛАПТЕВЫХ\r\nLAPTEV SEA. CHART RUS 10104",
        "year": 2026,
        "hazard_type": "ice and icebergs",
        "category": "navigation",
        "title": "Ice and Icebergs",
        "body": "1.\tАЙСБЕРГИ 190616 АВГ В А. 79-07.7С 109-47.6В\nБ. 79-00.6С 110-02.7В\n2.\tОТМ ЭТОТ НР 220616 АВГ= \nCOASTAL WARNING WEST 114/26 ARCTIC OCEAN.\nLAPTEV SEA. CHART RUS 10104.\n1.\tICEBERGS AT 190616 UTC AUG IN: A. 79-07.7N 109-47.6E.\nB. 79-00.6N 110-02.7E.\n2.\tCANCEL THIS MSG 220616 UTC AUG 26.= NNNN",
        "cancel_date": null,
        "valid_from": "2026-08-20T02:11:49.894099+00:00",
        "valid_until": "2026-08-22T06:16:00+00:00",
        "corrections": [],
        "summary": null
      }
    },
    {
      "type": "Feature",
      "id": "PRIP WEST 114/26#grp4",
      "geometry": {
        "type": "Point",
        "coordinates": [
          110.045,
          79.01
        ]
      },
      "properties": {
        "parent_id": "PRIP WEST 114/26",
        "group_index": 4,
        "dtg": "2026-08-20T02:11:49.894099+00:00",
        "raw_dtg": "ПРИП ЗАПАД 114/26 КАРТА 10104 СЕВЕРНЫЙ ЛЕДОВИТЫЙ ОКЕАН МОРЕ  ЛАПТЕВЫХ\r\nLAPTEV SEA. CHART RUS 10104",
        "year": 2026,
        "hazard_type": "ice and icebergs",
        "category": "navigation",
        "title": "Ice and Icebergs",
        "body": "1.\tАЙСБЕРГИ 190616 АВГ В А. 79-07.7С 109-47.6В\nБ. 79-00.6С 110-02.7В\n2.\tОТМ ЭТОТ НР 220616 АВГ= \nCOASTAL WARNING WEST 114/26 ARCTIC OCEAN.\nLAPTEV SEA. CHART RUS 10104.\n1.\tICEBERGS AT 190616 UTC AUG IN: A. 79-07.7N 109-47.6E.\nB. 79-00.6N 110-02.7E.\n2.\tCANCEL THIS MSG 220616 UTC AUG 26.= NNNN",
        "cancel_date": null,
        "valid_from": "2026-08-20T02:11:49.894099+00:00",
        "valid_until": "2026-08-22T06:16:00+00:00",
        "corrections": [],
        "summary": null
      }
    },
    {
      "type": "Feature",
      "id": "PRIP WEST 54/26#grp1",
      "geometry": {
        "type": "Polygon",
        "coordinates": [
          [
            [
              71.65383333333334,
              66.7215
            ],
            [
              72.424,
              66.54833333333333
            ],
            [
              73.85216666666666,
              66.99033333333334
            ],
            [
              72.0355,
              67.08366666666667
            ],
            [
              71.65383333333334,
              66.7215
            ]
          ]
        ]
      },
      "properties": {
        "parent_id": "PRIP WEST 54/26",
        "group_index": 1,
        "dtg": "2026-06-27T01:36:46.512177+00:00",
        "raw_dtg": "ПРИП ЗАПАД 54/26 КАРТА 12317 КАРСКОЕ МОРЕ ОБСКАЯ ГУБА",
        "year": 2026,
        "hazard_type": "general",
        "category": "other",
        "title": "General Warning",
        "body": "1. СЕЙСМОРАЗВЕДОЧНЫЕ РАБОТЫ\n21 ИЮНЬ ДО 31 ОКТ В РАЙОНЕ\n66-43.29С 071-39.23В\n66-32.90С 072-25.44В\nДАЛЕЕ ПО БЕРЕГОВОЙ ЛИНИИ ДО\n66-59.42С 073-51.13В\n67-05.02С 072-02.13В\nДАЛЕЕ ПО БЕРЕГОВОЙ ЛИНИИ 66-43.29С 071-39.23В \nСОБЛЮДАТЬ ОСТОРОЖНОСТЬ СИСТЕМА КООРДИНАТ WGS-84\n2.ОТМ ЭТОТ НР 01 НОЯБ 26= \nCOASTAL WARNING WEST 54/26 KARA SEA.\nOBSKAYA GUBA. CHART RUS 12317.\n1.SEISMIC SURVEY FROM 21 JUN TO 31 OCT IN AREA BOUNDED BY:\n66-43.29N 071-39.23E,\n66-32.90N 072-25.44E, THEN COASTAL LINE TO, 66-59.42N 073-51.13E,\n67-05.02N 072-02.13E, THEN COASTAL LINE TO, 66-43.29N 071-39.23E. PROCEED WITH CAUTION. WGS 84 DATUM.\n2.CANCEL THIS MSG 01 NOV 26.= \nNNNN",
        "cancel_date": null,
        "valid_from": "2026-06-27T01:36:46.512177+00:00",
        "valid_until": "2026-11-01T00:00:00+00:00",
        "corrections": [],
        "summary": null
      }
    },
    {
      "type": "Feature",
      "id": "PRIP WEST 54/26#grp2",
      "geometry": {
        "type": "Polygon",
        "coordinates": [
          [
            [
              71.65383333333334,
              66.7215
            ],
            [
              72.424,
              66.54833333333333
            ],
            [
              73.85216666666666,
              66.99033333333334
            ],
            [
              72.0355,
              67.08366666666667
            ],
            [
              71.65383333333334,
              66.7215
            ]
          ]
        ]
      },
      "properties": {
        "parent_id": "PRIP WEST 54/26",
        "group_index": 2,
        "dtg": "2026-06-27T01:36:46.512177+00:00",
        "raw_dtg": "ПРИП ЗАПАД 54/26 КАРТА 12317 КАРСКОЕ МОРЕ ОБСКАЯ ГУБА",
        "year": 2026,
        "hazard_type": "general",
        "category": "other",
        "title": "General Warning",
        "body": "1. СЕЙСМОРАЗВЕДОЧНЫЕ РАБОТЫ\n21 ИЮНЬ ДО 31 ОКТ В РАЙОНЕ\n66-43.29С 071-39.23В\n66-32.90С 072-25.44В\nДАЛЕЕ ПО БЕРЕГОВОЙ ЛИНИИ ДО\n66-59.42С 073-51.13В\n67-05.02С 072-02.13В\nДАЛЕЕ ПО БЕРЕГОВОЙ ЛИНИИ 66-43.29С 071-39.23В \nСОБЛЮДАТЬ ОСТОРОЖНОСТЬ СИСТЕМА КООРДИНАТ WGS-84\n2.ОТМ ЭТОТ НР 01 НОЯБ 26= \nCOASTAL WARNING WEST 54/26 KARA SEA.\nOBSKAYA GUBA. CHART RUS 12317.\n1.SEISMIC SURVEY FROM 21 JUN TO 31 OCT IN AREA BOUNDED BY:\n66-43.29N 071-39.23E,\n66-32.90N 072-25.44E, THEN COASTAL LINE TO, 66-59.42N 073-51.13E,\n67-05.02N 072-02.13E, THEN COASTAL LINE TO, 66-43.29N 071-39.23E. PROCEED WITH CAUTION. WGS 84 DATUM.\n2.CANCEL THIS MSG 01 NOV 26.= \nNNNN",
        "cancel_date": null,
        "valid_from": "2026-06-27T01:36:46.512177+00:00",
        "valid_until": "2026-11-01T00:00:00+00:00",
        "corrections": [],
        "summary": null
      }
    },
    {
      "type": "Feature",
      "id": "PRIP WEST 76/26#grp1",
      "geometry": {
        "type": "Polygon",
        "coordinates": [
          [
            [
              71.777,
              66.9
            ],
            [
              72.39333333333333,
              67.268
            ],
            [
              72.5625,
              67.37666666666667
            ],
            [
              72.79416666666667,
              67.513
            ],
            [
              74.0565,
              67.47583333333333
            ],
            [
              73.5065,
              66.86816666666667
            ],
            [
              72.14816666666667,
              66.34766666666667
            ],
            [
              71.777,
              66.9
            ]
          ]
        ]
      },
      "properties": {
        "parent_id": "PRIP WEST 76/26",
        "group_index": 1,
        "dtg": "2026-07-31T04:16:06.208690+00:00",
        "raw_dtg": "ПРИП ЗАПАД 76/26 КАРТЫ 12317 13338 КАРСКОЕ МОРЕ ОБСКАЯ ГУБА\r\nKARA SEA. OBSKAYA GUBA. CHARTS RUS 12317, 13338.",
        "year": 2026,
        "hazard_type": "ice and icebergs",
        "category": "navigation",
        "title": "Ice and Icebergs",
        "body": "1. СЕЙСМИЧЕСКИЕ ИССЛЕДОВАНИЯ С ИСПОЛЬЗОВАНИЕМ ДОННОГО ПРИЕМНОГО ОБОРУДОВАНИЯ 28 ИЮЛЯ ПО\n30 СЕНТ В РАЙОНЕ 66-54.00С 071-46.62В 67-16.08С 072-23.60В\n67-22.60С 072-33.75В 67-30.78С 072-47.65В 67-28.55С 074-03.39В\n66-52.09С 073-30.39В 66-20.86С 072-08.89В ПОСТАНОВКА НА ЯКОРЬ ЗАПРЕЩЕНА 2. ОТМ 68/26\n3. ОТМ ЭТОТ НР 01 ОКТ 26= \n1.\tSEISMIC SURVEY BY USING BOTTOM RECEIVING EQUIPMENT 28 JUL TO 30 SEP IN AREA:\n66-54.00N 071-46.62E, 67-16.08N 072-23.60E,\n67-22.60N 072-33.75E, 67-30.78N 072-47.65E,\n67-28.55N 074-03.39E, 66-52.09N 073-30.39E,\n66-20.86N 072-08.89E. ANCHORAGE PROHIBITED.\n2.\tCANCEL 68/26.\n3.\tCANCEL THIS MSG 01 OCT 26.= NNNN",
        "cancel_date": null,
        "valid_from": "2026-07-31T04:16:06.208690+00:00",
        "valid_until": "2026-10-01T00:00:00+00:00",
        "corrections": [],
        "summary": null
      }
    },
    {
      "type": "Feature",
      "id": "PRIP WEST 76/26#grp2",
      "geometry": {
        "type": "Polygon",
        "coordinates": [
          [
            [
              71.777,
              66.9
            ],
            [
              72.39333333333333,
              67.268
            ],
            [
              72.5625,
              67.37666666666667
            ],
            [
              72.79416666666667,
              67.513
            ],
            [
              74.0565,
              67.47583333333333
            ],
            [
              73.5065,
              66.86816666666667
            ],
            [
              72.14816666666667,
              66.34766666666667
            ],
            [
              71.777,
              66.9
            ]
          ]
        ]
      },
      "properties": {
        "parent_id": "PRIP WEST 76/26",
        "group_index": 2,
        "dtg": "2026-07-31T04:16:06.208690+00:00",
        "raw_dtg": "ПРИП ЗАПАД 76/26 КАРТЫ 12317 13338 КАРСКОЕ МОРЕ ОБСКАЯ ГУБА\r\nKARA SEA. OBSKAYA GUBA. CHARTS RUS 12317, 13338.",
        "year": 2026,
        "hazard_type": "ice and icebergs",
        "category": "navigation",
        "title": "Ice and Icebergs",
        "body": "1. СЕЙСМИЧЕСКИЕ ИССЛЕДОВАНИЯ С ИСПОЛЬЗОВАНИЕМ ДОННОГО ПРИЕМНОГО ОБОРУДОВАНИЯ 28 ИЮЛЯ ПО\n30 СЕНТ В РАЙОНЕ 66-54.00С 071-46.62В 67-16.08С 072-23.60В\n67-22.60С 072-33.75В 67-30.78С 072-47.65В 67-28.55С 074-03.39В\n66-52.09С 073-30.39В 66-20.86С 072-08.89В ПОСТАНОВКА НА ЯКОРЬ ЗАПРЕЩЕНА 2. ОТМ 68/26\n3. ОТМ ЭТОТ НР 01 ОКТ 26= \n1.\tSEISMIC SURVEY BY USING BOTTOM RECEIVING EQUIPMENT 28 JUL TO 30 SEP IN AREA:\n66-54.00N 071-46.62E, 67-16.08N 072-23.60E,\n67-22.60N 072-33.75E, 67-30.78N 072-47.65E,\n67-28.55N 074-03.39E, 66-52.09N 073-30.39E,\n66-20.86N 072-08.89E. ANCHORAGE PROHIBITED.\n2.\tCANCEL 68/26.\n3.\tCANCEL THIS MSG 01 OCT 26.= NNNN",
        "cancel_date": null,
        "valid_from": "2026-07-31T04:16:06.208690+00:00",
        "valid_until": "2026-10-01T00:00:00+00:00",
        "corrections": [],
        "summary": null
      }
    }
  ]
}
